konfiguracja;N;warstwy;skok;skok_um;prog_mocy;kontrast;model_bledow;K1;na_warstwe;razem;kolumny;wiersze
L 0,85 mm; wyjścia równe co 0,110° (iteracja 25);1;[4];stały 500 µm;500.0;rel 0.2;0.15;nominalnie;tak;318;318;6;58
L 0,85 mm; wyjścia równe co 0,110° (iteracja 25);1;[0];optymalizowany;300.0;rel 0.2;0.15;nominalnie;tak;423;423;8;58
L 0,85 mm; wyjścia równe co 0,110° (iteracja 25);2;[0, 1];stały 500 µm;500.0;rel 0.2;0.15;nominalnie;tak;256;512;5;57
L 0,85 mm; wyjścia równe co 0,110° (iteracja 25);2;[0, 1];optymalizowany;350.0;rel 0.2;0.15;nominalnie;tak;314;628;6;57
L 0,85 mm; wyjścia równe co 0,110° (iteracja 25);3;[0, 1, 2];stały 500 µm;500.0;rel 0.2;0.15;nominalnie;tak;196;588;4;56
L 0,85 mm; wyjścia równe co 0,110° (iteracja 25);3;[0, 1, 2];optymalizowany;350.0;rel 0.2;0.15;nominalnie;tak;206;618;4;56
L 0,85 mm; wyjścia równe co 0,110° (iteracja 25);4;[0, 1, 2, 3];stały 500 µm;500.0;rel 0.2;0.15;nominalnie;tak;139;556;3;53
L 0,85 mm; wyjścia równe co 0,110° (iteracja 25);4;[0, 1, 2, 3];optymalizowany;450.0;rel 0.2;0.15;nominalnie;tak;142;568;3;53
L 0,85 mm; wyjścia równe co 0,110° (iteracja 25);5;[0, 1, 2, 3, 4];stały 500 µm;500.0;rel 0.2;0.15;nominalnie;tak;48;240;1;48
L 0,85 mm; wyjścia równe co 0,110° (iteracja 25);5;[0, 1, 2, 3, 4];optymalizowany;700.0;rel 0.2;0.15;nominalnie;tak;64;320;2;48
L 0,85 mm; wyjścia równe co 0,110° (iteracja 25);1;[1];stały 500 µm;500.0;rel 0.2;0.3;nominalnie;tak;278;278;6;56
L 0,85 mm; wyjścia równe co 0,110° (iteracja 25);1;[0];optymalizowany;350.0;rel 0.2;0.3;nominalnie;tak;356;356;7;55
L 0,85 mm; wyjścia równe co 0,110° (iteracja 25);2;[0, 1];stały 500 µm;500.0;rel 0.2;0.3;nominalnie;tak;212;424;5;54
L 0,85 mm; wyjścia równe co 0,110° (iteracja 25);2;[0, 1];optymalizowany;400.0;rel 0.2;0.3;nominalnie;tak;246;492;5;54
L 0,85 mm; wyjścia równe co 0,110° (iteracja 25);3;[0, 1, 2];stały 500 µm;500.0;rel 0.2;0.3;nominalnie;tak;148;444;4;53
L 0,85 mm; wyjścia równe co 0,110° (iteracja 25);3;[0, 1, 2];optymalizowany;400.0;rel 0.2;0.3;nominalnie;tak;173;519;4;53
L 0,85 mm; wyjścia równe co 0,110° (iteracja 25);4;[0, 1, 2, 3];stały 500 µm;500.0;rel 0.2;0.3;nominalnie;tak;85;340;2;51
L 0,85 mm; wyjścia równe co 0,110° (iteracja 25);4;[0, 1, 2, 3];optymalizowany;450.0;rel 0.2;0.3;nominalnie;tak;88;352;3;51
L 0,85 mm; wyjścia równe co 0,110° (iteracja 25);5;[0, 1, 2, 3, 4];stały 500 µm;500.0;rel 0.2;0.3;nominalnie;tak;39;195;1;39
L 0,85 mm; wyjścia równe co 0,110° (iteracja 25);5;[0, 1, 2, 3, 4];optymalizowany;500.0;rel 0.2;0.3;nominalnie;tak;39;195;1;39
L 0,85 mm; wyjścia równe co 0,110° (iteracja 25);1;[0];stały 500 µm;500.0;rel 0.2;0.5;nominalnie;tak;165;165;5;41
L 0,85 mm; wyjścia równe co 0,110° (iteracja 25);1;[0];optymalizowany;400.0;rel 0.2;0.5;nominalnie;tak;201;201;6;41
L 0,85 mm; wyjścia równe co 0,110° (iteracja 25);2;[1, 2];stały 500 µm;500.0;rel 0.2;0.5;nominalnie;tak;118;236;4;40
L 0,85 mm; wyjścia równe co 0,110° (iteracja 25);2;[0, 1];optymalizowany;450.0;rel 0.2;0.5;nominalnie;tak;128;256;4;39
L 0,85 mm; wyjścia równe co 0,110° (iteracja 25);3;[0, 1, 2];stały 500 µm;500.0;rel 0.2;0.5;nominalnie;tak;70;210;3;38
L 0,85 mm; wyjścia równe co 0,110° (iteracja 25);3;[0, 1, 2];optymalizowany;450.0;rel 0.2;0.5;nominalnie;tak;79;237;3;38
L 0,85 mm; wyjścia równe co 0,110° (iteracja 25);4;[0, 1, 2, 3];stały 500 µm;500.0;rel 0.2;0.5;nominalnie;tak;31;124;2;31
L 0,85 mm; wyjścia równe co 0,110° (iteracja 25);4;[0, 1, 2, 3];optymalizowany;500.0;rel 0.2;0.5;nominalnie;tak;31;124;2;31
L 0,85 mm; wyjścia równe co 0,110° (iteracja 25);5;[0, 1, 2, 3, 4];stały 500 µm;500.0;rel 0.2;0.5;nominalnie;tak;0;0;0;0
L 0,85 mm; wyjścia równe co 0,110° (iteracja 25);5;[0, 1, 2, 3, 4];optymalizowany;;rel 0.2;0.5;nominalnie;tak;0;0;0;0
L 0,85 mm; wyjścia równe co 0,110° (iteracja 25);1;[1];stały 500 µm;500.0;rel 0.3;0.15;nominalnie;tak;276;276;6;51
L 0,85 mm; wyjścia równe co 0,110° (iteracja 25);1;[0];optymalizowany;300.0;rel 0.3;0.15;nominalnie;tak;378;378;8;51
L 0,85 mm; wyjścia równe co 0,110° (iteracja 25);2;[1, 2];stały 500 µm;500.0;rel 0.3;0.15;nominalnie;tak;223;446;5;51
L 0,85 mm; wyjścia równe co 0,110° (iteracja 25);2;[0, 1];optymalizowany;350.0;rel 0.3;0.15;nominalnie;tak;274;548;6;50
L 0,85 mm; wyjścia równe co 0,110° (iteracja 25);3;[0, 1, 2];stały 500 µm;500.0;rel 0.3;0.15;nominalnie;tak;168;504;4;49
L 0,85 mm; wyjścia równe co 0,110° (iteracja 25);3;[0, 1, 2];optymalizowany;350.0;rel 0.3;0.15;nominalnie;tak;178;534;4;49
L 0,85 mm; wyjścia równe co 0,110° (iteracja 25);4;[0, 1, 2, 3];stały 500 µm;500.0;rel 0.3;0.15;nominalnie;tak;120;480;3;46
L 0,85 mm; wyjścia równe co 0,110° (iteracja 25);4;[0, 1, 2, 3];optymalizowany;400.0;rel 0.3;0.15;nominalnie;tak;122;488;3;46
L 0,85 mm; wyjścia równe co 0,110° (iteracja 25);5;[0, 1, 2, 3, 4];stały 500 µm;500.0;rel 0.3;0.15;nominalnie;tak;41;205;1;41
L 0,85 mm; wyjścia równe co 0,110° (iteracja 25);5;[0, 1, 2, 3, 4];optymalizowany;700.0;rel 0.3;0.15;nominalnie;tak;56;280;2;41
L 0,85 mm; wyjścia równe co 0,110° (iteracja 25);1;[4];stały 500 µm;500.0;rel 0.3;0.3;nominalnie;tak;261;261;6;51
L 0,85 mm; wyjścia równe co 0,110° (iteracja 25);1;[0];optymalizowany;350.0;rel 0.3;0.3;nominalnie;tak;331;331;7;51
L 0,85 mm; wyjścia równe co 0,110° (iteracja 25);2;[1, 2];stały 500 µm;500.0;rel 0.3;0.3;nominalnie;tak;201;402;5;51
L 0,85 mm; wyjścia równe co 0,110° (iteracja 25);2;[0, 1];optymalizowany;400.0;rel 0.3;0.3;nominalnie;tak;232;464;5;50
L 0,85 mm; wyjścia równe co 0,110° (iteracja 25);3;[0, 1, 2];stały 500 µm;500.0;rel 0.3;0.3;nominalnie;tak;138;414;4;49
L 0,85 mm; wyjścia równe co 0,110° (iteracja 25);3;[0, 1, 2];optymalizowany;400.0;rel 0.3;0.3;nominalnie;tak;162;486;4;49
L 0,85 mm; wyjścia równe co 0,110° (iteracja 25);4;[0, 1, 2, 3];stały 500 µm;500.0;rel 0.3;0.3;nominalnie;tak;84;336;2;46
L 0,85 mm; wyjścia równe co 0,110° (iteracja 25);4;[0, 1, 2, 3];optymalizowany;450.0;rel 0.3;0.3;nominalnie;tak;86;344;3;46
L 0,85 mm; wyjścia równe co 0,110° (iteracja 25);5;[0, 1, 2, 3, 4];stały 500 µm;500.0;rel 0.3;0.3;nominalnie;tak;39;195;1;39
L 0,85 mm; wyjścia równe co 0,110° (iteracja 25);5;[0, 1, 2, 3, 4];optymalizowany;500.0;rel 0.3;0.3;nominalnie;tak;39;195;1;39
L 0,85 mm; wyjścia równe co 0,110° (iteracja 25);1;[0];stały 500 µm;500.0;rel 0.3;0.5;nominalnie;tak;165;165;5;41
L 0,85 mm; wyjścia równe co 0,110° (iteracja 25);1;[0];optymalizowany;400.0;rel 0.3;0.5;nominalnie;tak;201;201;6;41
L 0,85 mm; wyjścia równe co 0,110° (iteracja 25);2;[1, 2];stały 500 µm;500.0;rel 0.3;0.5;nominalnie;tak;118;236;4;40
L 0,85 mm; wyjścia równe co 0,110° (iteracja 25);2;[0, 1];optymalizowany;450.0;rel 0.3;0.5;nominalnie;tak;128;256;4;39
L 0,85 mm; wyjścia równe co 0,110° (iteracja 25);3;[0, 1, 2];stały 500 µm;500.0;rel 0.3;0.5;nominalnie;tak;70;210;3;38
L 0,85 mm; wyjścia równe co 0,110° (iteracja 25);3;[0, 1, 2];optymalizowany;450.0;rel 0.3;0.5;nominalnie;tak;79;237;3;38
L 0,85 mm; wyjścia równe co 0,110° (iteracja 25);4;[0, 1, 2, 3];stały 500 µm;500.0;rel 0.3;0.5;nominalnie;tak;31;124;2;31
L 0,85 mm; wyjścia równe co 0,110° (iteracja 25);4;[0, 1, 2, 3];optymalizowany;500.0;rel 0.3;0.5;nominalnie;tak;31;124;2;31
L 0,85 mm; wyjścia równe co 0,110° (iteracja 25);5;[0, 1, 2, 3, 4];stały 500 µm;500.0;rel 0.3;0.5;nominalnie;tak;0;0;0;0
L 0,85 mm; wyjścia równe co 0,110° (iteracja 25);5;[0, 1, 2, 3, 4];optymalizowany;;rel 0.3;0.5;nominalnie;tak;0;0;0;0
L 0,85 mm; wyjścia równe co 0,110° (iteracja 25);1;[1];stały 500 µm;500.0;rel 0.5;0.15;nominalnie;tak;210;210;6;40
L 0,85 mm; wyjścia równe co 0,110° (iteracja 25);1;[0];optymalizowany;300.0;rel 0.5;0.15;nominalnie;tak;292;292;8;40
L 0,85 mm; wyjścia równe co 0,110° (iteracja 25);2;[0, 1];stały 500 µm;500.0;rel 0.5;0.15;nominalnie;tak;166;332;5;40
L 0,85 mm; wyjścia równe co 0,110° (iteracja 25);2;[0, 1];optymalizowany;350.0;rel 0.5;0.15;nominalnie;tak;208;416;6;40
L 0,85 mm; wyjścia równe co 0,110° (iteracja 25);3;[0, 1, 2];stały 500 µm;500.0;rel 0.5;0.15;nominalnie;tak;124;372;4;38
L 0,85 mm; wyjścia równe co 0,110° (iteracja 25);3;[0, 1, 2];optymalizowany;350.0;rel 0.5;0.15;nominalnie;tak;135;405;4;38
L 0,85 mm; wyjścia równe co 0,110° (iteracja 25);4;[0, 1, 2, 3];stały 500 µm;500.0;rel 0.5;0.15;nominalnie;tak;85;340;3;35
L 0,85 mm; wyjścia równe co 0,110° (iteracja 25);4;[0, 1, 2, 3];optymalizowany;400.0;rel 0.5;0.15;nominalnie;tak;90;360;3;35
L 0,85 mm; wyjścia równe co 0,110° (iteracja 25);5;[0, 1, 2, 3, 4];stały 500 µm;500.0;rel 0.5;0.15;nominalnie;tak;30;150;1;30
L 0,85 mm; wyjścia równe co 0,110° (iteracja 25);5;[0, 1, 2, 3, 4];optymalizowany;550.0;rel 0.5;0.15;nominalnie;tak;42;210;2;30
L 0,85 mm; wyjścia równe co 0,110° (iteracja 25);1;[1];stały 500 µm;500.0;rel 0.5;0.3;nominalnie;tak;210;210;6;40
L 0,85 mm; wyjścia równe co 0,110° (iteracja 25);1;[0];optymalizowany;350.0;rel 0.5;0.3;nominalnie;tak;256;256;7;40
L 0,85 mm; wyjścia równe co 0,110° (iteracja 25);2;[0, 1];stały 500 µm;500.0;rel 0.5;0.3;nominalnie;tak;166;332;5;40
L 0,85 mm; wyjścia równe co 0,110° (iteracja 25);2;[0, 1];optymalizowany;400.0;rel 0.5;0.3;nominalnie;tak;177;354;5;40
L 0,85 mm; wyjścia równe co 0,110° (iteracja 25);3;[0, 1, 2];stały 500 µm;500.0;rel 0.5;0.3;nominalnie;tak;118;354;4;38
L 0,85 mm; wyjścia równe co 0,110° (iteracja 25);3;[0, 1, 2];optymalizowany;400.0;rel 0.5;0.3;nominalnie;tak;132;396;4;38
L 0,85 mm; wyjścia równe co 0,110° (iteracja 25);4;[0, 1, 2, 3];stały 500 µm;500.0;rel 0.5;0.3;nominalnie;tak;62;248;2;35
L 0,85 mm; wyjścia równe co 0,110° (iteracja 25);4;[0, 1, 2, 3];optymalizowany;450.0;rel 0.5;0.3;nominalnie;tak;64;256;3;35
L 0,85 mm; wyjścia równe co 0,110° (iteracja 25);5;[0, 1, 2, 3, 4];stały 500 µm;500.0;rel 0.5;0.3;nominalnie;tak;30;150;1;30
L 0,85 mm; wyjścia równe co 0,110° (iteracja 25);5;[0, 1, 2, 3, 4];optymalizowany;500.0;rel 0.5;0.3;nominalnie;tak;30;150;1;30
L 0,85 mm; wyjścia równe co 0,110° (iteracja 25);1;[0];stały 500 µm;500.0;rel 0.5;0.5;nominalnie;tak;164;164;5;40
L 0,85 mm; wyjścia równe co 0,110° (iteracja 25);1;[0];optymalizowany;400.0;rel 0.5;0.5;nominalnie;tak;201;201;6;40
L 0,85 mm; wyjścia równe co 0,110° (iteracja 25);2;[1, 2];stały 500 µm;500.0;rel 0.5;0.5;nominalnie;tak;118;236;4;40
L 0,85 mm; wyjścia równe co 0,110° (iteracja 25);2;[0, 1];optymalizowany;450.0;rel 0.5;0.5;nominalnie;tak;128;256;4;39
L 0,85 mm; wyjścia równe co 0,110° (iteracja 25);3;[0, 1, 2];stały 500 µm;500.0;rel 0.5;0.5;nominalnie;tak;70;210;3;37
L 0,85 mm; wyjścia równe co 0,110° (iteracja 25);3;[0, 1, 2];optymalizowany;450.0;rel 0.5;0.5;nominalnie;tak;79;237;3;37
L 0,85 mm; wyjścia równe co 0,110° (iteracja 25);4;[0, 1, 2, 3];stały 500 µm;500.0;rel 0.5;0.5;nominalnie;tak;31;124;2;31
L 0,85 mm; wyjścia równe co 0,110° (iteracja 25);4;[0, 1, 2, 3];optymalizowany;500.0;rel 0.5;0.5;nominalnie;tak;31;124;2;31
L 0,85 mm; wyjścia równe co 0,110° (iteracja 25);5;[0, 1, 2, 3, 4];stały 500 µm;500.0;rel 0.5;0.5;nominalnie;tak;0;0;0;0
L 0,85 mm; wyjścia równe co 0,110° (iteracja 25);5;[0, 1, 2, 3, 4];optymalizowany;;rel 0.5;0.5;nominalnie;tak;0;0;0;0
L 0,85 mm; wyjścia równe co 0,110° (iteracja 25);1;[0];stały 500 µm;500.0;rel 0.8;0.15;nominalnie;tak;104;104;6;24
L 0,85 mm; wyjścia równe co 0,110° (iteracja 25);1;[0];optymalizowany;300.0;rel 0.8;0.15;nominalnie;tak;162;162;8;24
L 0,85 mm; wyjścia równe co 0,110° (iteracja 25);2;[0, 1];stały 500 µm;500.0;rel 0.8;0.15;nominalnie;tak;76;152;5;24
L 0,85 mm; wyjścia równe co 0,110° (iteracja 25);2;[0, 1];optymalizowany;350.0;rel 0.8;0.15;nominalnie;tak;106;212;6;24
L 0,85 mm; wyjścia równe co 0,110° (iteracja 25);3;[0, 1, 2];stały 500 µm;500.0;rel 0.8;0.15;nominalnie;tak;52;156;3;22
L 0,85 mm; wyjścia równe co 0,110° (iteracja 25);3;[0, 1, 2];optymalizowany;350.0;rel 0.8;0.15;nominalnie;tak;68;204;4;22
L 0,85 mm; wyjścia równe co 0,110° (iteracja 25);4;[0, 1, 2, 3];stały 500 µm;500.0;rel 0.8;0.15;nominalnie;tak;26;104;2;19
L 0,85 mm; wyjścia równe co 0,110° (iteracja 25);4;[0, 1, 2, 3];optymalizowany;400.0;rel 0.8;0.15;nominalnie;tak;30;120;3;19
L 0,85 mm; wyjścia równe co 0,110° (iteracja 25);5;[0, 1, 2, 3, 4];stały 500 µm;500.0;rel 0.8;0.15;nominalnie;tak;11;55;1;11
L 0,85 mm; wyjścia równe co 0,110° (iteracja 25);5;[0, 1, 2, 3, 4];optymalizowany;400.0;rel 0.8;0.15;nominalnie;tak;11;55;1;11
L 0,85 mm; wyjścia równe co 0,110° (iteracja 25);1;[0];stały 500 µm;500.0;rel 0.8;0.3;nominalnie;tak;104;104;6;24
L 0,85 mm; wyjścia równe co 0,110° (iteracja 25);1;[0];optymalizowany;350.0;rel 0.8;0.3;nominalnie;tak;141;141;7;24
L 0,85 mm; wyjścia równe co 0,110° (iteracja 25);2;[0, 1];stały 500 µm;500.0;rel 0.8;0.3;nominalnie;tak;76;152;5;24
L 0,85 mm; wyjścia równe co 0,110° (iteracja 25);2;[0, 1];optymalizowany;350.0;rel 0.8;0.3;nominalnie;tak;97;194;5;24
L 0,85 mm; wyjścia równe co 0,110° (iteracja 25);3;[0, 1, 2];stały 500 µm;500.0;rel 0.8;0.3;nominalnie;tak;52;156;3;22
L 0,85 mm; wyjścia równe co 0,110° (iteracja 25);3;[0, 1, 2];optymalizowany;400.0;rel 0.8;0.3;nominalnie;tak;62;186;4;22
L 0,85 mm; wyjścia równe co 0,110° (iteracja 25);4;[0, 1, 2, 3];stały 500 µm;500.0;rel 0.8;0.3;nominalnie;tak;26;104;2;19
L 0,85 mm; wyjścia równe co 0,110° (iteracja 25);4;[0, 1, 2, 3];optymalizowany;400.0;rel 0.8;0.3;nominalnie;tak;30;120;2;19
L 0,85 mm; wyjścia równe co 0,110° (iteracja 25);5;[0, 1, 2, 3, 4];stały 500 µm;500.0;rel 0.8;0.3;nominalnie;tak;11;55;1;11
L 0,85 mm; wyjścia równe co 0,110° (iteracja 25);5;[0, 1, 2, 3, 4];optymalizowany;450.0;rel 0.8;0.3;nominalnie;tak;11;55;1;11
L 0,85 mm; wyjścia równe co 0,110° (iteracja 25);1;[0];stały 500 µm;500.0;rel 0.8;0.5;nominalnie;tak;103;103;5;24
L 0,85 mm; wyjścia równe co 0,110° (iteracja 25);1;[0];optymalizowany;400.0;rel 0.8;0.5;nominalnie;tak;124;124;6;24
L 0,85 mm; wyjścia równe co 0,110° (iteracja 25);2;[0, 1];stały 500 µm;500.0;rel 0.8;0.5;nominalnie;tak;76;152;4;24
L 0,85 mm; wyjścia równe co 0,110° (iteracja 25);2;[0, 1];optymalizowany;400.0;rel 0.8;0.5;nominalnie;tak;81;162;4;24
L 0,85 mm; wyjścia równe co 0,110° (iteracja 25);3;[0, 1, 2];stały 500 µm;500.0;rel 0.8;0.5;nominalnie;tak;52;156;3;22
L 0,85 mm; wyjścia równe co 0,110° (iteracja 25);3;[0, 1, 2];optymalizowany;450.0;rel 0.8;0.5;nominalnie;tak;54;162;3;22
L 0,85 mm; wyjścia równe co 0,110° (iteracja 25);4;[0, 1, 2, 3];stały 500 µm;500.0;rel 0.8;0.5;nominalnie;tak;23;92;2;19
L 0,85 mm; wyjścia równe co 0,110° (iteracja 25);4;[0, 1, 2, 3];optymalizowany;500.0;rel 0.8;0.5;nominalnie;tak;23;92;2;19
L 0,85 mm; wyjścia równe co 0,110° (iteracja 25);5;[0, 1, 2, 3, 4];stały 500 µm;500.0;rel 0.8;0.5;nominalnie;tak;0;0;0;0
L 0,85 mm; wyjścia równe co 0,110° (iteracja 25);5;[0, 1, 2, 3, 4];optymalizowany;;rel 0.8;0.5;nominalnie;tak;0;0;0;0
L 0,85 mm; wyjścia równe co 0,110° (iteracja 25);1;[1];stały 500 µm;500.0;abs 0.05;0.15;nominalnie;tak;360;360;6;65
L 0,85 mm; wyjścia równe co 0,110° (iteracja 25);1;[0];optymalizowany;350.0;abs 0.05;0.15;nominalnie;tak;482;482;8;65
L 0,85 mm; wyjścia równe co 0,110° (iteracja 25);2;[1, 2];stały 500 µm;500.0;abs 0.05;0.15;nominalnie;tak;293;586;5;64
L 0,85 mm; wyjścia równe co 0,110° (iteracja 25);2;[0, 1];optymalizowany;350.0;abs 0.05;0.15;nominalnie;tak;360;720;6;64
L 0,85 mm; wyjścia równe co 0,110° (iteracja 25);3;[0, 1, 2];stały 500 µm;500.0;abs 0.05;0.15;nominalnie;tak;226;678;4;63
L 0,85 mm; wyjścia równe co 0,110° (iteracja 25);3;[0, 1, 2];optymalizowany;350.0;abs 0.05;0.15;nominalnie;tak;236;708;4;63
L 0,85 mm; wyjścia równe co 0,110° (iteracja 25);4;[0, 1, 2, 3];stały 500 µm;500.0;abs 0.05;0.15;nominalnie;tak;162;648;3;60
L 0,85 mm; wyjścia równe co 0,110° (iteracja 25);4;[0, 1, 2, 3];optymalizowany;450.0;abs 0.05;0.15;nominalnie;tak;164;656;3;60
L 0,85 mm; wyjścia równe co 0,110° (iteracja 25);5;[0, 1, 2, 3, 4];stały 500 µm;500.0;abs 0.05;0.15;nominalnie;tak;55;275;1;55
L 0,85 mm; wyjścia równe co 0,110° (iteracja 25);5;[0, 1, 2, 3, 4];optymalizowany;700.0;abs 0.05;0.15;nominalnie;tak;70;350;2;55
L 0,85 mm; wyjścia równe co 0,110° (iteracja 25);1;[1];stały 500 µm;500.0;abs 0.05;0.3;nominalnie;tak;278;278;6;56
L 0,85 mm; wyjścia równe co 0,110° (iteracja 25);1;[0];optymalizowany;350.0;abs 0.05;0.3;nominalnie;tak;356;356;7;55
L 0,85 mm; wyjścia równe co 0,110° (iteracja 25);2;[0, 1];stały 500 µm;500.0;abs 0.05;0.3;nominalnie;tak;212;424;5;54
L 0,85 mm; wyjścia równe co 0,110° (iteracja 25);2;[0, 1];optymalizowany;400.0;abs 0.05;0.3;nominalnie;tak;246;492;5;54
L 0,85 mm; wyjścia równe co 0,110° (iteracja 25);3;[0, 1, 2];stały 500 µm;500.0;abs 0.05;0.3;nominalnie;tak;148;444;4;53
L 0,85 mm; wyjścia równe co 0,110° (iteracja 25);3;[0, 1, 2];optymalizowany;400.0;abs 0.05;0.3;nominalnie;tak;173;519;4;53
L 0,85 mm; wyjścia równe co 0,110° (iteracja 25);4;[0, 1, 2, 3];stały 500 µm;500.0;abs 0.05;0.3;nominalnie;tak;85;340;2;51
L 0,85 mm; wyjścia równe co 0,110° (iteracja 25);4;[0, 1, 2, 3];optymalizowany;450.0;abs 0.05;0.3;nominalnie;tak;88;352;3;51
L 0,85 mm; wyjścia równe co 0,110° (iteracja 25);5;[0, 1, 2, 3, 4];stały 500 µm;500.0;abs 0.05;0.3;nominalnie;tak;39;195;1;39
L 0,85 mm; wyjścia równe co 0,110° (iteracja 25);5;[0, 1, 2, 3, 4];optymalizowany;500.0;abs 0.05;0.3;nominalnie;tak;39;195;1;39
L 0,85 mm; wyjścia równe co 0,110° (iteracja 25);1;[0];stały 500 µm;500.0;abs 0.05;0.5;nominalnie;tak;165;165;5;41
L 0,85 mm; wyjścia równe co 0,110° (iteracja 25);1;[0];optymalizowany;400.0;abs 0.05;0.5;nominalnie;tak;201;201;6;41
L 0,85 mm; wyjścia równe co 0,110° (iteracja 25);2;[1, 2];stały 500 µm;500.0;abs 0.05;0.5;nominalnie;tak;118;236;4;40
L 0,85 mm; wyjścia równe co 0,110° (iteracja 25);2;[0, 1];optymalizowany;450.0;abs 0.05;0.5;nominalnie;tak;128;256;4;39
L 0,85 mm; wyjścia równe co 0,110° (iteracja 25);3;[0, 1, 2];stały 500 µm;500.0;abs 0.05;0.5;nominalnie;tak;70;210;3;38
L 0,85 mm; wyjścia równe co 0,110° (iteracja 25);3;[0, 1, 2];optymalizowany;450.0;abs 0.05;0.5;nominalnie;tak;79;237;3;38
L 0,85 mm; wyjścia równe co 0,110° (iteracja 25);4;[0, 1, 2, 3];stały 500 µm;500.0;abs 0.05;0.5;nominalnie;tak;31;124;2;31
L 0,85 mm; wyjścia równe co 0,110° (iteracja 25);4;[0, 1, 2, 3];optymalizowany;500.0;abs 0.05;0.5;nominalnie;tak;31;124;2;31
L 0,85 mm; wyjścia równe co 0,110° (iteracja 25);5;[0, 1, 2, 3, 4];stały 500 µm;500.0;abs 0.05;0.5;nominalnie;tak;0;0;0;0
L 0,85 mm; wyjścia równe co 0,110° (iteracja 25);5;[0, 1, 2, 3, 4];optymalizowany;;abs 0.05;0.5;nominalnie;tak;0;0;0;0
L 0,85 mm; wyjścia równe co 0,110° (iteracja 25);1;[0];stały 500 µm;500.0;abs 0.1;0.15;nominalnie;tak;316;316;6;58
L 0,85 mm; wyjścia równe co 0,110° (iteracja 25);1;[0];optymalizowany;300.0;abs 0.1;0.15;nominalnie;tak;426;426;8;58
L 0,85 mm; wyjścia równe co 0,110° (iteracja 25);2;[0, 1];stały 500 µm;500.0;abs 0.1;0.15;nominalnie;tak;252;504;5;56
L 0,85 mm; wyjścia równe co 0,110° (iteracja 25);2;[0, 1];optymalizowany;350.0;abs 0.1;0.15;nominalnie;tak;310;620;6;56
L 0,85 mm; wyjścia równe co 0,110° (iteracja 25);3;[0, 1, 2];stały 500 µm;500.0;abs 0.1;0.15;nominalnie;tak;192;576;4;54
L 0,85 mm; wyjścia równe co 0,110° (iteracja 25);3;[0, 1, 2];optymalizowany;350.0;abs 0.1;0.15;nominalnie;tak;202;606;4;54
L 0,85 mm; wyjścia równe co 0,110° (iteracja 25);4;[0, 1, 2, 3];stały 500 µm;500.0;abs 0.1;0.15;nominalnie;tak;135;540;3;51
L 0,85 mm; wyjścia równe co 0,110° (iteracja 25);4;[0, 1, 2, 3];optymalizowany;450.0;abs 0.1;0.15;nominalnie;tak;138;552;3;51
L 0,85 mm; wyjścia równe co 0,110° (iteracja 25);5;[0, 1, 2, 3, 4];stały 500 µm;500.0;abs 0.1;0.15;nominalnie;tak;46;230;1;46
L 0,85 mm; wyjścia równe co 0,110° (iteracja 25);5;[0, 1, 2, 3, 4];optymalizowany;700.0;abs 0.1;0.15;nominalnie;tak;59;295;2;46
L 0,85 mm; wyjścia równe co 0,110° (iteracja 25);1;[1];stały 500 µm;500.0;abs 0.1;0.3;nominalnie;tak;278;278;6;56
L 0,85 mm; wyjścia równe co 0,110° (iteracja 25);1;[0];optymalizowany;350.0;abs 0.1;0.3;nominalnie;tak;356;356;7;55
L 0,85 mm; wyjścia równe co 0,110° (iteracja 25);2;[0, 1];stały 500 µm;500.0;abs 0.1;0.3;nominalnie;tak;212;424;5;54
L 0,85 mm; wyjścia równe co 0,110° (iteracja 25);2;[0, 1];optymalizowany;400.0;abs 0.1;0.3;nominalnie;tak;246;492;5;54
L 0,85 mm; wyjścia równe co 0,110° (iteracja 25);3;[0, 1, 2];stały 500 µm;500.0;abs 0.1;0.3;nominalnie;tak;148;444;4;53
L 0,85 mm; wyjścia równe co 0,110° (iteracja 25);3;[0, 1, 2];optymalizowany;400.0;abs 0.1;0.3;nominalnie;tak;173;519;4;53
L 0,85 mm; wyjścia równe co 0,110° (iteracja 25);4;[0, 1, 2, 3];stały 500 µm;500.0;abs 0.1;0.3;nominalnie;tak;85;340;2;50
L 0,85 mm; wyjścia równe co 0,110° (iteracja 25);4;[0, 1, 2, 3];optymalizowany;450.0;abs 0.1;0.3;nominalnie;tak;88;352;3;50
L 0,85 mm; wyjścia równe co 0,110° (iteracja 25);5;[0, 1, 2, 3, 4];stały 500 µm;500.0;abs 0.1;0.3;nominalnie;tak;39;195;1;39
L 0,85 mm; wyjścia równe co 0,110° (iteracja 25);5;[0, 1, 2, 3, 4];optymalizowany;500.0;abs 0.1;0.3;nominalnie;tak;39;195;1;39
L 0,85 mm; wyjścia równe co 0,110° (iteracja 25);1;[0];stały 500 µm;500.0;abs 0.1;0.5;nominalnie;tak;165;165;5;41
L 0,85 mm; wyjścia równe co 0,110° (iteracja 25);1;[0];optymalizowany;400.0;abs 0.1;0.5;nominalnie;tak;201;201;6;41
L 0,85 mm; wyjścia równe co 0,110° (iteracja 25);2;[1, 2];stały 500 µm;500.0;abs 0.1;0.5;nominalnie;tak;118;236;4;40
L 0,85 mm; wyjścia równe co 0,110° (iteracja 25);2;[0, 1];optymalizowany;450.0;abs 0.1;0.5;nominalnie;tak;128;256;4;39
L 0,85 mm; wyjścia równe co 0,110° (iteracja 25);3;[0, 1, 2];stały 500 µm;500.0;abs 0.1;0.5;nominalnie;tak;70;210;3;38
L 0,85 mm; wyjścia równe co 0,110° (iteracja 25);3;[0, 1, 2];optymalizowany;450.0;abs 0.1;0.5;nominalnie;tak;79;237;3;38
L 0,85 mm; wyjścia równe co 0,110° (iteracja 25);4;[0, 1, 2, 3];stały 500 µm;500.0;abs 0.1;0.5;nominalnie;tak;31;124;2;31
L 0,85 mm; wyjścia równe co 0,110° (iteracja 25);4;[0, 1, 2, 3];optymalizowany;500.0;abs 0.1;0.5;nominalnie;tak;31;124;2;31
L 0,85 mm; wyjścia równe co 0,110° (iteracja 25);5;[0, 1, 2, 3, 4];stały 500 µm;500.0;abs 0.1;0.5;nominalnie;tak;0;0;0;0
L 0,85 mm; wyjścia równe co 0,110° (iteracja 25);5;[0, 1, 2, 3, 4];optymalizowany;;abs 0.1;0.5;nominalnie;tak;0;0;0;0
L 0,85 mm; wyjścia równe co 0,110° (iteracja 25);1;[0];stały 500 µm;500.0;abs 0.2;0.15;nominalnie;tak;242;242;6;46
L 0,85 mm; wyjścia równe co 0,110° (iteracja 25);1;[0];optymalizowany;300.0;abs 0.2;0.15;nominalnie;tak;340;340;8;46
L 0,85 mm; wyjścia równe co 0,110° (iteracja 25);2;[0, 1];stały 500 µm;500.0;abs 0.2;0.15;nominalnie;tak;187;374;5;43
L 0,85 mm; wyjścia równe co 0,110° (iteracja 25);2;[0, 1];optymalizowany;350.0;abs 0.2;0.15;nominalnie;tak;234;468;6;43
L 0,85 mm; wyjścia równe co 0,110° (iteracja 25);3;[0, 1, 2];stały 500 µm;500.0;abs 0.2;0.15;nominalnie;tak;140;420;4;42
L 0,85 mm; wyjścia równe co 0,110° (iteracja 25);3;[0, 1, 2];optymalizowany;350.0;abs 0.2;0.15;nominalnie;tak;150;450;4;42
L 0,85 mm; wyjścia równe co 0,110° (iteracja 25);4;[0, 1, 2, 3];stały 500 µm;500.0;abs 0.2;0.15;nominalnie;tak;93;372;3;38
L 0,85 mm; wyjścia równe co 0,110° (iteracja 25);4;[0, 1, 2, 3];optymalizowany;400.0;abs 0.2;0.15;nominalnie;tak;99;396;3;38
L 0,85 mm; wyjścia równe co 0,110° (iteracja 25);5;[0, 1, 2, 3, 4];stały 500 µm;500.0;abs 0.2;0.15;nominalnie;tak;32;160;1;32
L 0,85 mm; wyjścia równe co 0,110° (iteracja 25);5;[0, 1, 2, 3, 4];optymalizowany;550.0;abs 0.2;0.15;nominalnie;tak;48;240;2;32
L 0,85 mm; wyjścia równe co 0,110° (iteracja 25);1;[0];stały 500 µm;500.0;abs 0.2;0.3;nominalnie;tak;237;237;6;46
L 0,85 mm; wyjścia równe co 0,110° (iteracja 25);1;[0];optymalizowany;350.0;abs 0.2;0.3;nominalnie;tak;295;295;7;46
L 0,85 mm; wyjścia równe co 0,110° (iteracja 25);2;[0, 1];stały 500 µm;500.0;abs 0.2;0.3;nominalnie;tak;179;358;5;43
L 0,85 mm; wyjścia równe co 0,110° (iteracja 25);2;[0, 1];optymalizowany;400.0;abs 0.2;0.3;nominalnie;tak;197;394;5;43
L 0,85 mm; wyjścia równe co 0,110° (iteracja 25);3;[0, 1, 2];stały 500 µm;500.0;abs 0.2;0.3;nominalnie;tak;126;378;4;42
L 0,85 mm; wyjścia równe co 0,110° (iteracja 25);3;[0, 1, 2];optymalizowany;400.0;abs 0.2;0.3;nominalnie;tak;142;426;4;42
L 0,85 mm; wyjścia równe co 0,110° (iteracja 25);4;[0, 1, 2, 3];stały 500 µm;500.0;abs 0.2;0.3;nominalnie;tak;70;280;2;38
L 0,85 mm; wyjścia równe co 0,110° (iteracja 25);4;[0, 1, 2, 3];optymalizowany;450.0;abs 0.2;0.3;nominalnie;tak;70;280;3;38
L 0,85 mm; wyjścia równe co 0,110° (iteracja 25);5;[0, 1, 2, 3, 4];stały 500 µm;500.0;abs 0.2;0.3;nominalnie;tak;31;155;1;31
L 0,85 mm; wyjścia równe co 0,110° (iteracja 25);5;[0, 1, 2, 3, 4];optymalizowany;450.0;abs 0.2;0.3;nominalnie;tak;31;155;1;31
L 0,85 mm; wyjścia równe co 0,110° (iteracja 25);1;[0];stały 500 µm;500.0;abs 0.2;0.5;nominalnie;tak;165;165;5;41
L 0,85 mm; wyjścia równe co 0,110° (iteracja 25);1;[0];optymalizowany;400.0;abs 0.2;0.5;nominalnie;tak;201;201;6;41
L 0,85 mm; wyjścia równe co 0,110° (iteracja 25);2;[1, 2];stały 500 µm;500.0;abs 0.2;0.5;nominalnie;tak;118;236;4;40
L 0,85 mm; wyjścia równe co 0,110° (iteracja 25);2;[0, 1];optymalizowany;450.0;abs 0.2;0.5;nominalnie;tak;128;256;4;39
L 0,85 mm; wyjścia równe co 0,110° (iteracja 25);3;[0, 1, 2];stały 500 µm;500.0;abs 0.2;0.5;nominalnie;tak;70;210;3;38
L 0,85 mm; wyjścia równe co 0,110° (iteracja 25);3;[0, 1, 2];optymalizowany;450.0;abs 0.2;0.5;nominalnie;tak;79;237;3;38
L 0,85 mm; wyjścia równe co 0,110° (iteracja 25);4;[0, 1, 2, 3];stały 500 µm;500.0;abs 0.2;0.5;nominalnie;tak;31;124;2;31
L 0,85 mm; wyjścia równe co 0,110° (iteracja 25);4;[0, 1, 2, 3];optymalizowany;500.0;abs 0.2;0.5;nominalnie;tak;31;124;2;31
L 0,85 mm; wyjścia równe co 0,110° (iteracja 25);5;[0, 1, 2, 3, 4];stały 500 µm;500.0;abs 0.2;0.5;nominalnie;tak;0;0;0;0
L 0,85 mm; wyjścia równe co 0,110° (iteracja 25);5;[0, 1, 2, 3, 4];optymalizowany;;abs 0.2;0.5;nominalnie;tak;0;0;0;0
L 0,85 mm; wyjścia równe co 0,110° (iteracja 25);1;[0];stały 500 µm;500.0;abs 0.3;0.15;nominalnie;tak;180;180;6;36
L 0,85 mm; wyjścia równe co 0,110° (iteracja 25);1;[0];optymalizowany;300.0;abs 0.3;0.15;nominalnie;tak;258;258;8;36
L 0,85 mm; wyjścia równe co 0,110° (iteracja 25);2;[0, 1];stały 500 µm;500.0;abs 0.3;0.15;nominalnie;tak;132;264;5;32
L 0,85 mm; wyjścia równe co 0,110° (iteracja 25);2;[0, 1];optymalizowany;350.0;abs 0.3;0.15;nominalnie;tak;168;336;6;32
L 0,85 mm; wyjścia równe co 0,110° (iteracja 25);3;[0, 1, 2];stały 500 µm;500.0;abs 0.3;0.15;nominalnie;tak;92;276;4;30
L 0,85 mm; wyjścia równe co 0,110° (iteracja 25);3;[0, 1, 2];optymalizowany;350.0;abs 0.3;0.15;nominalnie;tak;106;318;4;30
L 0,85 mm; wyjścia równe co 0,110° (iteracja 25);4;[0, 1, 2, 3];stały 500 µm;500.0;abs 0.3;0.15;nominalnie;tak;53;212;3;26
L 0,85 mm; wyjścia równe co 0,110° (iteracja 25);4;[0, 1, 2, 3];optymalizowany;400.0;abs 0.3;0.15;nominalnie;tak;61;244;3;26
L 0,85 mm; wyjścia równe co 0,110° (iteracja 25);5;[0, 1, 2, 3, 4];stały 500 µm;500.0;abs 0.3;0.15;nominalnie;tak;19;95;1;19
L 0,85 mm; wyjścia równe co 0,110° (iteracja 25);5;[0, 1, 2, 3, 4];optymalizowany;400.0;abs 0.3;0.15;nominalnie;tak;19;95;1;19
L 0,85 mm; wyjścia równe co 0,110° (iteracja 25);1;[0];stały 500 µm;500.0;abs 0.3;0.3;nominalnie;tak;180;180;6;36
L 0,85 mm; wyjścia równe co 0,110° (iteracja 25);1;[0];optymalizowany;350.0;abs 0.3;0.3;nominalnie;tak;224;224;7;36
L 0,85 mm; wyjścia równe co 0,110° (iteracja 25);2;[0, 1];stały 500 µm;500.0;abs 0.3;0.3;nominalnie;tak;132;264;5;32
L 0,85 mm; wyjścia równe co 0,110° (iteracja 25);2;[0, 1];optymalizowany;350.0;abs 0.3;0.3;nominalnie;tak;144;288;5;32
L 0,85 mm; wyjścia równe co 0,110° (iteracja 25);3;[0, 1, 2];stały 500 µm;500.0;abs 0.3;0.3;nominalnie;tak;92;276;4;30
L 0,85 mm; wyjścia równe co 0,110° (iteracja 25);3;[0, 1, 2];optymalizowany;400.0;abs 0.3;0.3;nominalnie;tak;102;306;4;30
L 0,85 mm; wyjścia równe co 0,110° (iteracja 25);4;[0, 1, 2, 3];stały 500 µm;500.0;abs 0.3;0.3;nominalnie;tak;46;184;2;26
L 0,85 mm; wyjścia równe co 0,110° (iteracja 25);4;[0, 1, 2, 3];optymalizowany;400.0;abs 0.3;0.3;nominalnie;tak;48;192;2;26
L 0,85 mm; wyjścia równe co 0,110° (iteracja 25);5;[0, 1, 2, 3, 4];stały 500 µm;500.0;abs 0.3;0.3;nominalnie;tak;19;95;1;19
L 0,85 mm; wyjścia równe co 0,110° (iteracja 25);5;[0, 1, 2, 3, 4];optymalizowany;450.0;abs 0.3;0.3;nominalnie;tak;19;95;1;19
L 0,85 mm; wyjścia równe co 0,110° (iteracja 25);1;[0];stały 500 µm;500.0;abs 0.3;0.5;nominalnie;tak;152;152;5;36
L 0,85 mm; wyjścia równe co 0,110° (iteracja 25);1;[0];optymalizowany;400.0;abs 0.3;0.5;nominalnie;tak;183;183;6;36
L 0,85 mm; wyjścia równe co 0,110° (iteracja 25);2;[0, 1];stały 500 µm;500.0;abs 0.3;0.5;nominalnie;tak;104;208;4;32
L 0,85 mm; wyjścia równe co 0,110° (iteracja 25);2;[0, 1];optymalizowany;450.0;abs 0.3;0.5;nominalnie;tak;114;228;4;32
L 0,85 mm; wyjścia równe co 0,110° (iteracja 25);3;[0, 1, 2];stały 500 µm;500.0;abs 0.3;0.5;nominalnie;tak;62;186;3;30
L 0,85 mm; wyjścia równe co 0,110° (iteracja 25);3;[0, 1, 2];optymalizowany;450.0;abs 0.3;0.5;nominalnie;tak;71;213;3;30
L 0,85 mm; wyjścia równe co 0,110° (iteracja 25);4;[0, 1, 2, 3];stały 500 µm;500.0;abs 0.3;0.5;nominalnie;tak;24;96;2;24
L 0,85 mm; wyjścia równe co 0,110° (iteracja 25);4;[0, 1, 2, 3];optymalizowany;450.0;abs 0.3;0.5;nominalnie;tak;24;96;1;24
L 0,85 mm; wyjścia równe co 0,110° (iteracja 25);5;[0, 1, 2, 3, 4];stały 500 µm;500.0;abs 0.3;0.5;nominalnie;tak;0;0;0;0
L 0,85 mm; wyjścia równe co 0,110° (iteracja 25);5;[0, 1, 2, 3, 4];optymalizowany;;abs 0.3;0.5;nominalnie;tak;0;0;0;0
L 0,85 mm; odstępy wyjść [0,0, 0,0, 0,0, 0,0]°;5;[0..4];optymalizowany;400.0;rel 0.5;0.5;nominalnie;NIE;195;975;6;40
L 0,85 mm; odstępy wyjść [0,0, 0,0, 0,0, 0,0]°;5;[0..4];optymalizowany;400.0;rel 0.3;0.5;nominalnie;NIE;195;975;6;41
L 0,85 mm; odstępy wyjść [0,0, 0,0, 0,0, 0,0]°;5;[0..4];optymalizowany;;abs 0.1;0.5;nominalnie;NIE;0;0;0;0
L 0,85 mm; odstępy wyjść [0,0, 0,0, 0,0, 0,0]°;5;[0..4];optymalizowany;;abs 0.1;0.3;nominalnie;NIE;0;0;0;0
L 0,85 mm; odstępy wyjść [0,0, 0,0, 0,0, 0,0]°;5;[0..4];optymalizowany;350.0;rel 0.5;0.3;nominalnie;NIE;252;1260;7;40
L 0,85 mm; odstępy wyjść [0,0, 0,0, 0,0, 0,0]°;5;[0..4];optymalizowany;;abs 0.1;0.15;nominalnie;NIE;0;0;0;0
L 0,85 mm; odstępy wyjść [0,01, 0,01, 0,01, 0,01]°;5;[0..4];optymalizowany;550.0;rel 0.5;0.5;nominalnie;NIE;126;630;4;40
L 0,85 mm; odstępy wyjść [0,01, 0,01, 0,01, 0,01]°;5;[0..4];optymalizowany;550.0;rel 0.3;0.5;nominalnie;NIE;130;650;4;41
L 0,85 mm; odstępy wyjść [0,01, 0,01, 0,01, 0,01]°;5;[0..4];optymalizowany;;abs 0.1;0.5;nominalnie;NIE;0;0;0;0
L 0,85 mm; odstępy wyjść [0,01, 0,01, 0,01, 0,01]°;5;[0..4];optymalizowany;;abs 0.1;0.3;nominalnie;NIE;0;0;0;0
L 0,85 mm; odstępy wyjść [0,01, 0,01, 0,01, 0,01]°;5;[0..4];optymalizowany;450.0;rel 0.5;0.3;nominalnie;NIE;185;925;6;40
L 0,85 mm; odstępy wyjść [0,01, 0,01, 0,01, 0,01]°;5;[0..4];optymalizowany;;abs 0.1;0.15;nominalnie;NIE;0;0;0;0
L 0,85 mm; odstępy wyjść [0,02, 0,02, 0,02, 0,02]°;5;[0..4];optymalizowany;700.0;rel 0.5;0.5;nominalnie;tak;80;400;3;40
L 0,85 mm; odstępy wyjść [0,02, 0,02, 0,02, 0,02]°;5;[0..4];optymalizowany;700.0;rel 0.3;0.5;nominalnie;tak;80;400;3;40
L 0,85 mm; odstępy wyjść [0,02, 0,02, 0,02, 0,02]°;5;[0..4];optymalizowany;;abs 0.1;0.5;nominalnie;tak;0;0;0;0
L 0,85 mm; odstępy wyjść [0,02, 0,02, 0,02, 0,02]°;5;[0..4];optymalizowany;;abs 0.1;0.3;nominalnie;tak;0;0;0;0
L 0,85 mm; odstępy wyjść [0,02, 0,02, 0,02, 0,02]°;5;[0..4];optymalizowany;550.0;rel 0.5;0.3;nominalnie;tak;138;690;4;40
L 0,85 mm; odstępy wyjść [0,02, 0,02, 0,02, 0,02]°;5;[0..4];optymalizowany;;abs 0.1;0.15;nominalnie;tak;0;0;0;0
L 0,85 mm; odstępy wyjść [0,03, 0,03, 0,03, 0,03]°;5;[0..4];optymalizowany;550.0;rel 0.5;0.5;nominalnie;tak;97;485;3;39
L 0,85 mm; odstępy wyjść [0,03, 0,03, 0,03, 0,03]°;5;[0..4];optymalizowany;550.0;rel 0.3;0.5;nominalnie;tak;97;485;3;39
L 0,85 mm; odstępy wyjść [0,03, 0,03, 0,03, 0,03]°;5;[0..4];optymalizowany;550.0;abs 0.1;0.5;nominalnie;tak;93;465;3;35
L 0,85 mm; odstępy wyjść [0,03, 0,03, 0,03, 0,03]°;5;[0..4];optymalizowany;500.0;abs 0.1;0.3;nominalnie;tak;130;650;4;35
L 0,85 mm; odstępy wyjść [0,03, 0,03, 0,03, 0,03]°;5;[0..4];optymalizowany;500.0;rel 0.5;0.3;nominalnie;tak;138;690;4;39
L 0,85 mm; odstępy wyjść [0,03, 0,03, 0,03, 0,03]°;5;[0..4];optymalizowany;450.0;abs 0.1;0.15;nominalnie;tak;157;785;5;35
L 0,85 mm; odstępy wyjść [0,04, 0,04, 0,04, 0,04]°;5;[0..4];optymalizowany;550.0;rel 0.5;0.5;nominalnie;tak;90;450;3;39
L 0,85 mm; odstępy wyjść [0,04, 0,04, 0,04, 0,04]°;5;[0..4];optymalizowany;550.0;rel 0.3;0.5;nominalnie;tak;90;450;3;39
L 0,85 mm; odstępy wyjść [0,04, 0,04, 0,04, 0,04]°;5;[0..4];optymalizowany;550.0;abs 0.1;0.5;nominalnie;tak;90;450;3;39
L 0,85 mm; odstępy wyjść [0,04, 0,04, 0,04, 0,04]°;5;[0..4];optymalizowany;500.0;abs 0.1;0.3;nominalnie;tak;150;750;4;43
L 0,85 mm; odstępy wyjść [0,04, 0,04, 0,04, 0,04]°;5;[0..4];optymalizowany;500.0;rel 0.5;0.3;nominalnie;tak;132;660;4;39
L 0,85 mm; odstępy wyjść [0,04, 0,04, 0,04, 0,04]°;5;[0..4];optymalizowany;400.0;abs 0.1;0.15;nominalnie;tak;160;800;4;43
L 0,85 mm; odstępy wyjść [0,05, 0,05, 0,05, 0,05]°;5;[0..4];optymalizowany;550.0;rel 0.5;0.5;nominalnie;tak;71;355;3;38
L 0,85 mm; odstępy wyjść [0,05, 0,05, 0,05, 0,05]°;5;[0..4];optymalizowany;550.0;rel 0.3;0.5;nominalnie;tak;71;355;3;38
L 0,85 mm; odstępy wyjść [0,05, 0,05, 0,05, 0,05]°;5;[0..4];optymalizowany;550.0;abs 0.1;0.5;nominalnie;tak;71;355;3;38
L 0,85 mm; odstępy wyjść [0,05, 0,05, 0,05, 0,05]°;5;[0..4];optymalizowany;500.0;abs 0.1;0.3;nominalnie;tak;136;680;4;47
L 0,85 mm; odstępy wyjść [0,05, 0,05, 0,05, 0,05]°;5;[0..4];optymalizowany;500.0;rel 0.5;0.3;nominalnie;tak;114;570;4;38
L 0,85 mm; odstępy wyjść [0,05, 0,05, 0,05, 0,05]°;5;[0..4];optymalizowany;450.0;abs 0.1;0.15;nominalnie;tak;172;860;4;47
L 0,85 mm; odstępy wyjść [0,06, 0,06, 0,06, 0,06]°;5;[0..4];optymalizowany;550.0;rel 0.5;0.5;nominalnie;tak;59;295;2;36
L 0,85 mm; odstępy wyjść [0,06, 0,06, 0,06, 0,06]°;5;[0..4];optymalizowany;550.0;rel 0.3;0.5;nominalnie;tak;59;295;2;36
L 0,85 mm; odstępy wyjść [0,06, 0,06, 0,06, 0,06]°;5;[0..4];optymalizowany;550.0;abs 0.1;0.5;nominalnie;tak;59;295;2;36
L 0,85 mm; odstępy wyjść [0,06, 0,06, 0,06, 0,06]°;5;[0..4];optymalizowany;500.0;abs 0.1;0.3;nominalnie;tak;128;640;3;49
L 0,85 mm; odstępy wyjść [0,06, 0,06, 0,06, 0,06]°;5;[0..4];optymalizowany;500.0;rel 0.5;0.3;nominalnie;tak;99;495;3;37
L 0,85 mm; odstępy wyjść [0,06, 0,06, 0,06, 0,06]°;5;[0..4];optymalizowany;450.0;abs 0.1;0.15;nominalnie;tak;164;820;4;49
L 0,85 mm; odstępy wyjść [0,08, 0,08, 0,08, 0,08]°;5;[0..4];optymalizowany;550.0;rel 0.5;0.5;nominalnie;tak;31;155;2;31
L 0,85 mm; odstępy wyjść [0,08, 0,08, 0,08, 0,08]°;5;[0..4];optymalizowany;550.0;rel 0.3;0.5;nominalnie;tak;31;155;2;31
L 0,85 mm; odstępy wyjść [0,08, 0,08, 0,08, 0,08]°;5;[0..4];optymalizowany;550.0;abs 0.1;0.5;nominalnie;tak;31;155;2;31
L 0,85 mm; odstępy wyjść [0,08, 0,08, 0,08, 0,08]°;5;[0..4];optymalizowany;500.0;abs 0.1;0.3;nominalnie;tak;88;440;2;49
L 0,85 mm; odstępy wyjść [0,08, 0,08, 0,08, 0,08]°;5;[0..4];optymalizowany;500.0;rel 0.5;0.3;nominalnie;tak;63;315;2;35
L 0,85 mm; odstępy wyjść [0,08, 0,08, 0,08, 0,08]°;5;[0..4];optymalizowany;450.0;abs 0.1;0.15;nominalnie;tak;134;670;3;50
L 0,85 mm; odstępy wyjść [0,1, 0,1, 0,1, 0,1]°;5;[0..4];optymalizowany;500.0;rel 0.5;0.5;nominalnie;tak;19;95;1;19
L 0,85 mm; odstępy wyjść [0,1, 0,1, 0,1, 0,1]°;5;[0..4];optymalizowany;500.0;rel 0.3;0.5;nominalnie;tak;19;95;1;19
L 0,85 mm; odstępy wyjść [0,1, 0,1, 0,1, 0,1]°;5;[0..4];optymalizowany;500.0;abs 0.1;0.5;nominalnie;tak;19;95;1;19
L 0,85 mm; odstępy wyjść [0,1, 0,1, 0,1, 0,1]°;5;[0..4];optymalizowany;500.0;abs 0.1;0.3;nominalnie;tak;45;225;2;45
L 0,85 mm; odstępy wyjść [0,1, 0,1, 0,1, 0,1]°;5;[0..4];optymalizowany;500.0;rel 0.5;0.3;nominalnie;tak;42;210;2;32
L 0,85 mm; odstępy wyjść [0,1, 0,1, 0,1, 0,1]°;5;[0..4];optymalizowany;450.0;abs 0.1;0.15;nominalnie;tak;88;440;2;48
L 0,85 mm; odstępy wyjść [0,12, 0,12, 0,12, 0,12]°;5;[0..4];optymalizowany;;rel 0.5;0.5;nominalnie;tak;0;0;0;0
L 0,85 mm; odstępy wyjść [0,12, 0,12, 0,12, 0,12]°;5;[0..4];optymalizowany;;rel 0.3;0.5;nominalnie;tak;0;0;0;0
L 0,85 mm; odstępy wyjść [0,12, 0,12, 0,12, 0,12]°;5;[0..4];optymalizowany;;abs 0.1;0.5;nominalnie;tak;0;0;0;0
L 0,85 mm; odstępy wyjść [0,12, 0,12, 0,12, 0,12]°;5;[0..4];optymalizowany;550.0;abs 0.1;0.3;nominalnie;tak;29;145;1;29
L 0,85 mm; odstępy wyjść [0,12, 0,12, 0,12, 0,12]°;5;[0..4];optymalizowany;550.0;rel 0.5;0.3;nominalnie;tak;27;135;1;27
L 0,85 mm; odstępy wyjść [0,12, 0,12, 0,12, 0,12]°;5;[0..4];optymalizowany;450.0;abs 0.1;0.15;nominalnie;tak;44;220;1;44
L 0,75 mm; odstępy wyjść [0,02, 0,02, 0,02, 0,02]°;5;[0..4];optymalizowany;700.0;rel 0.5;0.5;nominalnie;NIE;95;475;3;40
L 0,75 mm; odstępy wyjść [0,02, 0,02, 0,02, 0,02]°;5;[0..4];optymalizowany;700.0;rel 0.3;0.5;nominalnie;NIE;96;480;3;40
L 0,75 mm; odstępy wyjść [0,02, 0,02, 0,02, 0,02]°;5;[0..4];optymalizowany;;abs 0.1;0.5;nominalnie;NIE;0;0;0;0
L 0,75 mm; odstępy wyjść [0,02, 0,02, 0,02, 0,02]°;5;[0..4];optymalizowany;;abs 0.1;0.3;nominalnie;NIE;0;0;0;0
L 0,75 mm; odstępy wyjść [0,02, 0,02, 0,02, 0,02]°;5;[0..4];optymalizowany;500.0;rel 0.5;0.3;nominalnie;NIE;142;710;4;40
L 0,75 mm; odstępy wyjść [0,02, 0,02, 0,02, 0,02]°;5;[0..4];optymalizowany;;abs 0.1;0.15;nominalnie;NIE;0;0;0;0
L 0,75 mm; odstępy wyjść [0,03, 0,03, 0,03, 0,03]°;5;[0..4];optymalizowany;550.0;rel 0.5;0.5;nominalnie;tak;101;505;3;39
L 0,75 mm; odstępy wyjść [0,03, 0,03, 0,03, 0,03]°;5;[0..4];optymalizowany;550.0;rel 0.3;0.5;nominalnie;tak;101;505;3;39
L 0,75 mm; odstępy wyjść [0,03, 0,03, 0,03, 0,03]°;5;[0..4];optymalizowany;550.0;abs 0.1;0.5;nominalnie;tak;89;445;3;32
L 0,75 mm; odstępy wyjść [0,03, 0,03, 0,03, 0,03]°;5;[0..4];optymalizowany;450.0;abs 0.1;0.3;nominalnie;tak;118;590;5;32
L 0,75 mm; odstępy wyjść [0,03, 0,03, 0,03, 0,03]°;5;[0..4];optymalizowany;450.0;rel 0.5;0.3;nominalnie;tak;142;710;5;39
L 0,75 mm; odstępy wyjść [0,03, 0,03, 0,03, 0,03]°;5;[0..4];optymalizowany;400.0;abs 0.1;0.15;nominalnie;tak;144;720;5;32
L 0,75 mm; odstępy wyjść [0,04, 0,04, 0,04, 0,04]°;5;[0..4];optymalizowany;500.0;rel 0.5;0.5;nominalnie;tak;95;475;3;39
L 0,75 mm; odstępy wyjść [0,04, 0,04, 0,04, 0,04]°;5;[0..4];optymalizowany;500.0;rel 0.3;0.5;nominalnie;tak;95;475;3;39
L 0,75 mm; odstępy wyjść [0,04, 0,04, 0,04, 0,04]°;5;[0..4];optymalizowany;500.0;abs 0.1;0.5;nominalnie;tak;95;475;3;39
L 0,75 mm; odstępy wyjść [0,04, 0,04, 0,04, 0,04]°;5;[0..4];optymalizowany;450.0;abs 0.1;0.3;nominalnie;tak;152;760;4;41
L 0,75 mm; odstępy wyjść [0,04, 0,04, 0,04, 0,04]°;5;[0..4];optymalizowany;450.0;rel 0.5;0.3;nominalnie;tak;136;680;4;39
L 0,75 mm; odstępy wyjść [0,04, 0,04, 0,04, 0,04]°;5;[0..4];optymalizowany;400.0;abs 0.1;0.15;nominalnie;tak;187;935;5;41
L 0,75 mm; odstępy wyjść [0,06, 0,06, 0,06, 0,06]°;5;[0..4];optymalizowany;500.0;rel 0.5;0.5;nominalnie;tak;62;310;3;36
L 0,75 mm; odstępy wyjść [0,06, 0,06, 0,06, 0,06]°;5;[0..4];optymalizowany;500.0;rel 0.3;0.5;nominalnie;tak;62;310;3;36
L 0,75 mm; odstępy wyjść [0,06, 0,06, 0,06, 0,06]°;5;[0..4];optymalizowany;500.0;abs 0.1;0.5;nominalnie;tak;62;310;3;36
L 0,75 mm; odstępy wyjść [0,06, 0,06, 0,06, 0,06]°;5;[0..4];optymalizowany;450.0;abs 0.1;0.3;nominalnie;tak;132;660;3;48
L 0,75 mm; odstępy wyjść [0,06, 0,06, 0,06, 0,06]°;5;[0..4];optymalizowany;450.0;rel 0.5;0.3;nominalnie;tak;100;500;3;37
L 0,75 mm; odstępy wyjść [0,06, 0,06, 0,06, 0,06]°;5;[0..4];optymalizowany;400.0;abs 0.1;0.15;nominalnie;tak;178;890;4;48
L 0,75 mm; odstępy wyjść [0,08, 0,08, 0,08, 0,08]°;5;[0..4];optymalizowany;500.0;rel 0.5;0.5;nominalnie;tak;31;155;2;31
L 0,75 mm; odstępy wyjść [0,08, 0,08, 0,08, 0,08]°;5;[0..4];optymalizowany;500.0;rel 0.3;0.5;nominalnie;tak;31;155;2;31
L 0,75 mm; odstępy wyjść [0,08, 0,08, 0,08, 0,08]°;5;[0..4];optymalizowany;500.0;abs 0.1;0.5;nominalnie;tak;31;155;2;31
L 0,75 mm; odstępy wyjść [0,08, 0,08, 0,08, 0,08]°;5;[0..4];optymalizowany;450.0;abs 0.1;0.3;nominalnie;tak;90;450;3;49
L 0,75 mm; odstępy wyjść [0,08, 0,08, 0,08, 0,08]°;5;[0..4];optymalizowany;450.0;rel 0.5;0.3;nominalnie;tak;70;350;3;35
L 0,75 mm; odstępy wyjść [0,08, 0,08, 0,08, 0,08]°;5;[0..4];optymalizowany;400.0;abs 0.1;0.15;nominalnie;tak;138;690;3;51
L 0,75 mm; odstępy wyjść [0,11, 0,11, 0,11, 0,11]°;5;[0..4];optymalizowany;;rel 0.5;0.5;nominalnie;tak;0;0;0;0
L 0,75 mm; odstępy wyjść [0,11, 0,11, 0,11, 0,11]°;5;[0..4];optymalizowany;;rel 0.3;0.5;nominalnie;tak;0;0;0;0
L 0,75 mm; odstępy wyjść [0,11, 0,11, 0,11, 0,11]°;5;[0..4];optymalizowany;;abs 0.1;0.5;nominalnie;tak;0;0;0;0
L 0,75 mm; odstępy wyjść [0,11, 0,11, 0,11, 0,11]°;5;[0..4];optymalizowany;450.0;abs 0.1;0.3;nominalnie;tak;39;195;1;39
L 0,75 mm; odstępy wyjść [0,11, 0,11, 0,11, 0,11]°;5;[0..4];optymalizowany;450.0;rel 0.5;0.3;nominalnie;tak;30;150;1;30
L 0,75 mm; odstępy wyjść [0,11, 0,11, 0,11, 0,11]°;5;[0..4];optymalizowany;500.0;abs 0.1;0.15;nominalnie;tak;80;400;2;47
L 1,00 mm; odstępy wyjść [0,02, 0,02, 0,02, 0,02]°;5;[0..4];optymalizowany;700.0;rel 0.5;0.5;nominalnie;tak;39;195;1;39
L 1,00 mm; odstępy wyjść [0,02, 0,02, 0,02, 0,02]°;5;[0..4];optymalizowany;700.0;rel 0.3;0.5;nominalnie;tak;39;195;1;39
L 1,00 mm; odstępy wyjść [0,02, 0,02, 0,02, 0,02]°;5;[0..4];optymalizowany;700.0;abs 0.1;0.5;nominalnie;tak;21;105;1;21
L 1,00 mm; odstępy wyjść [0,02, 0,02, 0,02, 0,02]°;5;[0..4];optymalizowany;600.0;abs 0.1;0.3;nominalnie;tak;57;285;3;21
L 1,00 mm; odstępy wyjść [0,02, 0,02, 0,02, 0,02]°;5;[0..4];optymalizowany;600.0;rel 0.5;0.3;nominalnie;tak;108;540;3;40
L 1,00 mm; odstępy wyjść [0,02, 0,02, 0,02, 0,02]°;5;[0..4];optymalizowany;550.0;abs 0.1;0.15;nominalnie;tak;70;350;4;21
L 1,00 mm; odstępy wyjść [0,03, 0,03, 0,03, 0,03]°;5;[0..4];optymalizowany;700.0;rel 0.5;0.5;nominalnie;tak;82;410;3;39
L 1,00 mm; odstępy wyjść [0,03, 0,03, 0,03, 0,03]°;5;[0..4];optymalizowany;700.0;rel 0.3;0.5;nominalnie;tak;82;410;3;39
L 1,00 mm; odstępy wyjść [0,03, 0,03, 0,03, 0,03]°;5;[0..4];optymalizowany;700.0;abs 0.1;0.5;nominalnie;tak;80;400;3;38
L 1,00 mm; odstępy wyjść [0,03, 0,03, 0,03, 0,03]°;5;[0..4];optymalizowany;550.0;abs 0.1;0.3;nominalnie;tak;122;610;4;38
L 1,00 mm; odstępy wyjść [0,03, 0,03, 0,03, 0,03]°;5;[0..4];optymalizowany;550.0;rel 0.5;0.3;nominalnie;tak;123;615;4;40
L 1,00 mm; odstępy wyjść [0,03, 0,03, 0,03, 0,03]°;5;[0..4];optymalizowany;500.0;abs 0.1;0.15;nominalnie;tak;140;700;4;38
L 1,00 mm; odstępy wyjść [0,04, 0,04, 0,04, 0,04]°;5;[0..4];optymalizowany;600.0;rel 0.5;0.5;nominalnie;tak;69;345;2;39
L 1,00 mm; odstępy wyjść [0,04, 0,04, 0,04, 0,04]°;5;[0..4];optymalizowany;600.0;rel 0.3;0.5;nominalnie;tak;70;350;2;39
L 1,00 mm; odstępy wyjść [0,04, 0,04, 0,04, 0,04]°;5;[0..4];optymalizowany;600.0;abs 0.1;0.5;nominalnie;tak;70;350;2;39
L 1,00 mm; odstępy wyjść [0,04, 0,04, 0,04, 0,04]°;5;[0..4];optymalizowany;550.0;abs 0.1;0.3;nominalnie;tak;125;625;4;45
L 1,00 mm; odstępy wyjść [0,04, 0,04, 0,04, 0,04]°;5;[0..4];optymalizowany;550.0;rel 0.5;0.3;nominalnie;tak;105;525;4;39
L 1,00 mm; odstępy wyjść [0,04, 0,04, 0,04, 0,04]°;5;[0..4];optymalizowany;500.0;abs 0.1;0.15;nominalnie;tak;162;810;4;45
L 1,00 mm; odstępy wyjść [0,06, 0,06, 0,06, 0,06]°;5;[0..4];optymalizowany;600.0;rel 0.5;0.5;nominalnie;tak;52;260;2;36
L 1,00 mm; odstępy wyjść [0,06, 0,06, 0,06, 0,06]°;5;[0..4];optymalizowany;600.0;rel 0.3;0.5;nominalnie;tak;52;260;2;36
L 1,00 mm; odstępy wyjść [0,06, 0,06, 0,06, 0,06]°;5;[0..4];optymalizowany;600.0;abs 0.1;0.5;nominalnie;tak;52;260;2;36
L 1,00 mm; odstępy wyjść [0,06, 0,06, 0,06, 0,06]°;5;[0..4];optymalizowany;600.0;abs 0.1;0.3;nominalnie;tak;106;530;3;49
L 1,00 mm; odstępy wyjść [0,06, 0,06, 0,06, 0,06]°;5;[0..4];optymalizowany;550.0;rel 0.5;0.3;nominalnie;tak;89;445;3;37
L 1,00 mm; odstępy wyjść [0,06, 0,06, 0,06, 0,06]°;5;[0..4];optymalizowany;500.0;abs 0.1;0.15;nominalnie;tak;137;685;3;49
L 1,00 mm; odstępy wyjść [0,08, 0,08, 0,08, 0,08]°;5;[0..4];optymalizowany;600.0;rel 0.5;0.5;nominalnie;tak;31;155;1;31
L 1,00 mm; odstępy wyjść [0,08, 0,08, 0,08, 0,08]°;5;[0..4];optymalizowany;600.0;rel 0.3;0.5;nominalnie;tak;31;155;1;31
L 1,00 mm; odstępy wyjść [0,08, 0,08, 0,08, 0,08]°;5;[0..4];optymalizowany;600.0;abs 0.1;0.5;nominalnie;tak;31;155;1;31
L 1,00 mm; odstępy wyjść [0,08, 0,08, 0,08, 0,08]°;5;[0..4];optymalizowany;600.0;abs 0.1;0.3;nominalnie;tak;82;410;2;48
L 1,00 mm; odstępy wyjść [0,08, 0,08, 0,08, 0,08]°;5;[0..4];optymalizowany;550.0;rel 0.5;0.3;nominalnie;tak;62;310;2;35
L 1,00 mm; odstępy wyjść [0,08, 0,08, 0,08, 0,08]°;5;[0..4];optymalizowany;500.0;abs 0.1;0.15;nominalnie;tak;92;460;2;49
L 1,00 mm; odstępy wyjść [0,11, 0,11, 0,11, 0,11]°;5;[0..4];optymalizowany;;rel 0.5;0.5;nominalnie;tak;0;0;0;0
L 1,00 mm; odstępy wyjść [0,11, 0,11, 0,11, 0,11]°;5;[0..4];optymalizowany;;rel 0.3;0.5;nominalnie;tak;0;0;0;0
L 1,00 mm; odstępy wyjść [0,11, 0,11, 0,11, 0,11]°;5;[0..4];optymalizowany;;abs 0.1;0.5;nominalnie;tak;0;0;0;0
L 1,00 mm; odstępy wyjść [0,11, 0,11, 0,11, 0,11]°;5;[0..4];optymalizowany;600.0;abs 0.1;0.3;nominalnie;tak;39;195;1;39
L 1,00 mm; odstępy wyjść [0,11, 0,11, 0,11, 0,11]°;5;[0..4];optymalizowany;550.0;rel 0.5;0.3;nominalnie;tak;30;150;1;30
L 1,00 mm; odstępy wyjść [0,11, 0,11, 0,11, 0,11]°;5;[0..4];optymalizowany;500.0;abs 0.1;0.15;nominalnie;tak;45;225;1;45
L 0,85 mm; odstępy wyjść [0,02, 0,03, 0,03, 0,03]°;5;[0..4];optymalizowany;600.0;rel 0.5;0.5;nominalnie;tak;97;485;3;39
L 0,85 mm; odstępy wyjść [0,02, 0,03, 0,03, 0,03]°;5;[0..4];optymalizowany;600.0;rel 0.3;0.5;nominalnie;tak;98;490;3;40
L 0,85 mm; odstępy wyjść [0,02, 0,03, 0,03, 0,03]°;5;[0..4];optymalizowany;600.0;abs 0.1;0.5;nominalnie;tak;90;450;3;32
L 0,85 mm; odstępy wyjść [0,02, 0,03, 0,03, 0,03]°;5;[0..4];optymalizowany;500.0;abs 0.1;0.3;nominalnie;tak;118;590;4;32
L 0,85 mm; odstępy wyjść [0,02, 0,03, 0,03, 0,03]°;5;[0..4];optymalizowany;500.0;rel 0.5;0.3;nominalnie;tak;140;700;4;40
L 0,85 mm; odstępy wyjść [0,02, 0,03, 0,03, 0,03]°;5;[0..4];optymalizowany;450.0;abs 0.1;0.15;nominalnie;tak;144;720;5;32
L 0,85 mm; odstępy wyjść [0,04, 0,03, 0,03, 0,03]°;5;[0..4];optymalizowany;550.0;rel 0.5;0.5;nominalnie;tak;97;485;3;39
L 0,85 mm; odstępy wyjść [0,04, 0,03, 0,03, 0,03]°;5;[0..4];optymalizowany;550.0;rel 0.3;0.5;nominalnie;tak;97;485;3;39
L 0,85 mm; odstępy wyjść [0,04, 0,03, 0,03, 0,03]°;5;[0..4];optymalizowany;550.0;abs 0.1;0.5;nominalnie;tak;92;460;3;36
L 0,85 mm; odstępy wyjść [0,04, 0,03, 0,03, 0,03]°;5;[0..4];optymalizowany;500.0;abs 0.1;0.3;nominalnie;tak;132;660;4;36
L 0,85 mm; odstępy wyjść [0,04, 0,03, 0,03, 0,03]°;5;[0..4];optymalizowany;500.0;rel 0.5;0.3;nominalnie;tak;138;690;4;39
L 0,85 mm; odstępy wyjść [0,04, 0,03, 0,03, 0,03]°;5;[0..4];optymalizowany;450.0;abs 0.1;0.15;nominalnie;tak;162;810;5;36
L 0,85 mm; odstępy wyjść [0,03, 0,02, 0,03, 0,03]°;5;[0..4];optymalizowany;600.0;rel 0.5;0.5;nominalnie;tak;97;485;3;39
L 0,85 mm; odstępy wyjść [0,03, 0,02, 0,03, 0,03]°;5;[0..4];optymalizowany;600.0;rel 0.3;0.5;nominalnie;tak;97;485;3;40
L 0,85 mm; odstępy wyjść [0,03, 0,02, 0,03, 0,03]°;5;[0..4];optymalizowany;600.0;abs 0.1;0.5;nominalnie;tak;75;375;3;27
L 0,85 mm; odstępy wyjść [0,03, 0,02, 0,03, 0,03]°;5;[0..4];optymalizowany;500.0;abs 0.1;0.3;nominalnie;tak;98;490;4;27
L 0,85 mm; odstępy wyjść [0,03, 0,02, 0,03, 0,03]°;5;[0..4];optymalizowany;500.0;rel 0.5;0.3;nominalnie;tak;140;700;4;40
L 0,85 mm; odstępy wyjść [0,03, 0,02, 0,03, 0,03]°;5;[0..4];optymalizowany;450.0;abs 0.1;0.15;nominalnie;tak;117;585;5;27
L 0,85 mm; odstępy wyjść [0,03, 0,04, 0,03, 0,03]°;5;[0..4];optymalizowany;550.0;rel 0.5;0.5;nominalnie;tak;98;490;3;39
L 0,85 mm; odstępy wyjść [0,03, 0,04, 0,03, 0,03]°;5;[0..4];optymalizowany;550.0;rel 0.3;0.5;nominalnie;tak;98;490;3;39
L 0,85 mm; odstępy wyjść [0,03, 0,04, 0,03, 0,03]°;5;[0..4];optymalizowany;550.0;abs 0.1;0.5;nominalnie;tak;95;475;3;37
L 0,85 mm; odstępy wyjść [0,03, 0,04, 0,03, 0,03]°;5;[0..4];optymalizowany;500.0;abs 0.1;0.3;nominalnie;tak;132;660;4;37
L 0,85 mm; odstępy wyjść [0,03, 0,04, 0,03, 0,03]°;5;[0..4];optymalizowany;500.0;rel 0.5;0.3;nominalnie;tak;138;690;4;39
L 0,85 mm; odstępy wyjść [0,03, 0,04, 0,03, 0,03]°;5;[0..4];optymalizowany;450.0;abs 0.1;0.15;nominalnie;tak;163;815;5;37
L 0,85 mm; odstępy wyjść [0,03, 0,03, 0,02, 0,03]°;5;[0..4];optymalizowany;600.0;rel 0.5;0.5;nominalnie;tak;96;480;3;39
L 0,85 mm; odstępy wyjść [0,03, 0,03, 0,02, 0,03]°;5;[0..4];optymalizowany;600.0;rel 0.3;0.5;nominalnie;tak;96;480;3;40
L 0,85 mm; odstępy wyjść [0,03, 0,03, 0,02, 0,03]°;5;[0..4];optymalizowany;600.0;abs 0.1;0.5;nominalnie;tak;68;340;3;25
L 0,85 mm; odstępy wyjść [0,03, 0,03, 0,02, 0,03]°;5;[0..4];optymalizowany;500.0;abs 0.1;0.3;nominalnie;tak;92;460;4;25
L 0,85 mm; odstępy wyjść [0,03, 0,03, 0,02, 0,03]°;5;[0..4];optymalizowany;500.0;rel 0.5;0.3;nominalnie;tak;138;690;4;40
L 0,85 mm; odstępy wyjść [0,03, 0,03, 0,02, 0,03]°;5;[0..4];optymalizowany;450.0;abs 0.1;0.15;nominalnie;tak;109;545;5;25
L 0,85 mm; odstępy wyjść [0,03, 0,03, 0,04, 0,03]°;5;[0..4];optymalizowany;550.0;rel 0.5;0.5;nominalnie;tak;98;490;3;39
L 0,85 mm; odstępy wyjść [0,03, 0,03, 0,04, 0,03]°;5;[0..4];optymalizowany;550.0;rel 0.3;0.5;nominalnie;tak;98;490;3;39
L 0,85 mm; odstępy wyjść [0,03, 0,03, 0,04, 0,03]°;5;[0..4];optymalizowany;550.0;abs 0.1;0.5;nominalnie;tak;95;475;3;35
L 0,85 mm; odstępy wyjść [0,03, 0,03, 0,04, 0,03]°;5;[0..4];optymalizowany;500.0;abs 0.1;0.3;nominalnie;tak;132;660;4;35
L 0,85 mm; odstępy wyjść [0,03, 0,03, 0,04, 0,03]°;5;[0..4];optymalizowany;500.0;rel 0.5;0.3;nominalnie;tak;138;690;4;39
L 0,85 mm; odstępy wyjść [0,03, 0,03, 0,04, 0,03]°;5;[0..4];optymalizowany;450.0;abs 0.1;0.15;nominalnie;tak;161;805;5;35
L 0,85 mm; odstępy wyjść [0,03, 0,03, 0,03, 0,02]°;5;[0..4];optymalizowany;600.0;rel 0.5;0.5;nominalnie;tak;97;485;3;39
L 0,85 mm; odstępy wyjść [0,03, 0,03, 0,03, 0,02]°;5;[0..4];optymalizowany;600.0;rel 0.3;0.5;nominalnie;tak;98;490;3;40
L 0,85 mm; odstępy wyjść [0,03, 0,03, 0,03, 0,02]°;5;[0..4];optymalizowany;550.0;abs 0.1;0.5;nominalnie;tak;73;365;3;27
L 0,85 mm; odstępy wyjść [0,03, 0,03, 0,03, 0,02]°;5;[0..4];optymalizowany;500.0;abs 0.1;0.3;nominalnie;tak;98;490;4;27
L 0,85 mm; odstępy wyjść [0,03, 0,03, 0,03, 0,02]°;5;[0..4];optymalizowany;500.0;rel 0.5;0.3;nominalnie;tak;140;700;4;40
L 0,85 mm; odstępy wyjść [0,03, 0,03, 0,03, 0,02]°;5;[0..4];optymalizowany;450.0;abs 0.1;0.15;nominalnie;tak;117;585;5;27
L 0,85 mm; odstępy wyjść [0,03, 0,03, 0,03, 0,04]°;5;[0..4];optymalizowany;550.0;rel 0.5;0.5;nominalnie;tak;98;490;3;39
L 0,85 mm; odstępy wyjść [0,03, 0,03, 0,03, 0,04]°;5;[0..4];optymalizowany;550.0;rel 0.3;0.5;nominalnie;tak;98;490;3;39
L 0,85 mm; odstępy wyjść [0,03, 0,03, 0,03, 0,04]°;5;[0..4];optymalizowany;550.0;abs 0.1;0.5;nominalnie;tak;95;475;3;35
L 0,85 mm; odstępy wyjść [0,03, 0,03, 0,03, 0,04]°;5;[0..4];optymalizowany;500.0;abs 0.1;0.3;nominalnie;tak;132;660;4;35
L 0,85 mm; odstępy wyjść [0,03, 0,03, 0,03, 0,04]°;5;[0..4];optymalizowany;500.0;rel 0.5;0.3;nominalnie;tak;138;690;4;39
L 0,85 mm; odstępy wyjść [0,03, 0,03, 0,03, 0,04]°;5;[0..4];optymalizowany;450.0;abs 0.1;0.15;nominalnie;tak;159;795;5;35
L 0,85 mm; odstępy wyjść [0,02, 0,04, 0,03, 0,03]°;5;[0..4];optymalizowany;550.0;rel 0.5;0.5;nominalnie;tak;102;510;3;39
L 0,85 mm; odstępy wyjść [0,02, 0,04, 0,03, 0,03]°;5;[0..4];optymalizowany;550.0;rel 0.3;0.5;nominalnie;tak;102;510;3;39
L 0,85 mm; odstępy wyjść [0,02, 0,04, 0,03, 0,03]°;5;[0..4];optymalizowany;550.0;abs 0.1;0.5;nominalnie;tak;98;490;3;37
L 0,85 mm; odstępy wyjść [0,02, 0,04, 0,03, 0,03]°;5;[0..4];optymalizowany;500.0;abs 0.1;0.3;nominalnie;tak;134;670;4;37
L 0,85 mm; odstępy wyjść [0,02, 0,04, 0,03, 0,03]°;5;[0..4];optymalizowany;500.0;rel 0.5;0.3;nominalnie;tak;138;690;4;40
L 0,85 mm; odstępy wyjść [0,02, 0,04, 0,03, 0,03]°;5;[0..4];optymalizowany;450.0;abs 0.1;0.15;nominalnie;tak;162;810;5;37
L 0,85 mm; odstępy wyjść [0,04, 0,04, 0,03, 0,03]°;5;[0..4];optymalizowany;550.0;rel 0.5;0.5;nominalnie;tak;96;480;3;39
L 0,85 mm; odstępy wyjść [0,04, 0,04, 0,03, 0,03]°;5;[0..4];optymalizowany;550.0;rel 0.3;0.5;nominalnie;tak;96;480;3;39
L 0,85 mm; odstępy wyjść [0,04, 0,04, 0,03, 0,03]°;5;[0..4];optymalizowany;550.0;abs 0.1;0.5;nominalnie;tak;92;460;3;37
L 0,85 mm; odstępy wyjść [0,04, 0,04, 0,03, 0,03]°;5;[0..4];optymalizowany;500.0;abs 0.1;0.3;nominalnie;tak;132;660;4;37
L 0,85 mm; odstępy wyjść [0,04, 0,04, 0,03, 0,03]°;5;[0..4];optymalizowany;500.0;rel 0.5;0.3;nominalnie;tak;134;670;4;39
L 0,85 mm; odstępy wyjść [0,04, 0,04, 0,03, 0,03]°;5;[0..4];optymalizowany;450.0;abs 0.1;0.15;nominalnie;tak;165;825;5;37
L 0,85 mm; odstępy wyjść [0,03, 0,05, 0,03, 0,03]°;5;[0..4];optymalizowany;550.0;rel 0.5;0.5;nominalnie;tak;96;480;3;39
L 0,85 mm; odstępy wyjść [0,03, 0,05, 0,03, 0,03]°;5;[0..4];optymalizowany;550.0;rel 0.3;0.5;nominalnie;tak;96;480;3;39
L 0,85 mm; odstępy wyjść [0,03, 0,05, 0,03, 0,03]°;5;[0..4];optymalizowany;550.0;abs 0.1;0.5;nominalnie;tak;93;465;3;37
L 0,85 mm; odstępy wyjść [0,03, 0,05, 0,03, 0,03]°;5;[0..4];optymalizowany;500.0;abs 0.1;0.3;nominalnie;tak;132;660;4;37
L 0,85 mm; odstępy wyjść [0,03, 0,05, 0,03, 0,03]°;5;[0..4];optymalizowany;500.0;rel 0.5;0.3;nominalnie;tak;134;670;4;39
L 0,85 mm; odstępy wyjść [0,03, 0,05, 0,03, 0,03]°;5;[0..4];optymalizowany;450.0;abs 0.1;0.15;nominalnie;tak;163;815;5;37
L 0,85 mm; odstępy wyjść [0,03, 0,04, 0,02, 0,03]°;5;[0..4];optymalizowany;550.0;rel 0.5;0.5;nominalnie;tak;94;470;3;39
L 0,85 mm; odstępy wyjść [0,03, 0,04, 0,02, 0,03]°;5;[0..4];optymalizowany;550.0;rel 0.3;0.5;nominalnie;tak;94;470;3;39
L 0,85 mm; odstępy wyjść [0,03, 0,04, 0,02, 0,03]°;5;[0..4];optymalizowany;550.0;abs 0.1;0.5;nominalnie;tak;84;420;3;31
L 0,85 mm; odstępy wyjść [0,03, 0,04, 0,02, 0,03]°;5;[0..4];optymalizowany;500.0;abs 0.1;0.3;nominalnie;tak;114;570;4;31
L 0,85 mm; odstępy wyjść [0,03, 0,04, 0,02, 0,03]°;5;[0..4];optymalizowany;500.0;rel 0.5;0.3;nominalnie;tak;138;690;4;39
L 0,85 mm; odstępy wyjść [0,03, 0,04, 0,02, 0,03]°;5;[0..4];optymalizowany;450.0;abs 0.1;0.15;nominalnie;tak;139;695;5;31
L 0,85 mm; odstępy wyjść [0,03, 0,04, 0,04, 0,03]°;5;[0..4];optymalizowany;550.0;rel 0.5;0.5;nominalnie;tak;96;480;3;39
L 0,85 mm; odstępy wyjść [0,03, 0,04, 0,04, 0,03]°;5;[0..4];optymalizowany;550.0;rel 0.3;0.5;nominalnie;tak;96;480;3;39
L 0,85 mm; odstępy wyjść [0,03, 0,04, 0,04, 0,03]°;5;[0..4];optymalizowany;550.0;abs 0.1;0.5;nominalnie;tak;95;475;3;38
L 0,85 mm; odstępy wyjść [0,03, 0,04, 0,04, 0,03]°;5;[0..4];optymalizowany;500.0;abs 0.1;0.3;nominalnie;tak;140;700;4;39
L 0,85 mm; odstępy wyjść [0,03, 0,04, 0,04, 0,03]°;5;[0..4];optymalizowany;450.0;rel 0.5;0.3;nominalnie;tak;136;680;4;39
L 0,85 mm; odstępy wyjść [0,03, 0,04, 0,04, 0,03]°;5;[0..4];optymalizowany;450.0;abs 0.1;0.15;nominalnie;tak;171;855;5;39
L 0,85 mm; odstępy wyjść [0,03, 0,04, 0,03, 0,02]°;5;[0..4];optymalizowany;550.0;rel 0.5;0.5;nominalnie;tak;101;505;3;39
L 0,85 mm; odstępy wyjść [0,03, 0,04, 0,03, 0,02]°;5;[0..4];optymalizowany;550.0;rel 0.3;0.5;nominalnie;tak;101;505;3;39
L 0,85 mm; odstępy wyjść [0,03, 0,04, 0,03, 0,02]°;5;[0..4];optymalizowany;550.0;abs 0.1;0.5;nominalnie;tak;75;375;3;28
L 0,85 mm; odstępy wyjść [0,03, 0,04, 0,03, 0,02]°;5;[0..4];optymalizowany;450.0;abs 0.1;0.3;nominalnie;tak;102;510;4;28
L 0,85 mm; odstępy wyjść [0,03, 0,04, 0,03, 0,02]°;5;[0..4];optymalizowany;500.0;rel 0.5;0.3;nominalnie;tak;140;700;4;40
L 0,85 mm; odstępy wyjść [0,03, 0,04, 0,03, 0,02]°;5;[0..4];optymalizowany;400.0;abs 0.1;0.15;nominalnie;tak;125;625;5;28
L 0,85 mm; odstępy wyjść [0,03, 0,04, 0,03, 0,04]°;5;[0..4];optymalizowany;550.0;rel 0.5;0.5;nominalnie;tak;96;480;3;39
L 0,85 mm; odstępy wyjść [0,03, 0,04, 0,03, 0,04]°;5;[0..4];optymalizowany;550.0;rel 0.3;0.5;nominalnie;tak;96;480;3;39
L 0,85 mm; odstępy wyjść [0,03, 0,04, 0,03, 0,04]°;5;[0..4];optymalizowany;550.0;abs 0.1;0.5;nominalnie;tak;96;480;3;38
L 0,85 mm; odstępy wyjść [0,03, 0,04, 0,03, 0,04]°;5;[0..4];optymalizowany;500.0;abs 0.1;0.3;nominalnie;tak;143;715;4;38
L 0,85 mm; odstępy wyjść [0,03, 0,04, 0,03, 0,04]°;5;[0..4];optymalizowany;500.0;rel 0.5;0.3;nominalnie;tak;136;680;4;39
L 0,85 mm; odstępy wyjść [0,03, 0,04, 0,03, 0,04]°;5;[0..4];optymalizowany;450.0;abs 0.1;0.15;nominalnie;tak;176;880;5;38
L 0,85 mm; odstępy wyjść [0,01, 0,04, 0,03, 0,03]°;5;[0..4];optymalizowany;550.0;rel 0.5;0.5;nominalnie;tak;103;515;3;39
L 0,85 mm; odstępy wyjść [0,01, 0,04, 0,03, 0,03]°;5;[0..4];optymalizowany;550.0;rel 0.3;0.5;nominalnie;tak;103;515;3;40
L 0,85 mm; odstępy wyjść [0,01, 0,04, 0,03, 0,03]°;5;[0..4];optymalizowany;550.0;abs 0.1;0.5;nominalnie;tak;99;495;3;36
L 0,85 mm; odstępy wyjść [0,01, 0,04, 0,03, 0,03]°;5;[0..4];optymalizowany;500.0;abs 0.1;0.3;nominalnie;tak;130;650;4;36
L 0,85 mm; odstępy wyjść [0,01, 0,04, 0,03, 0,03]°;5;[0..4];optymalizowany;500.0;rel 0.5;0.3;nominalnie;tak;140;700;4;40
L 0,85 mm; odstępy wyjść [0,01, 0,04, 0,03, 0,03]°;5;[0..4];optymalizowany;450.0;abs 0.1;0.15;nominalnie;tak;158;790;5;36
L 0,85 mm; odstępy wyjść [0,02, 0,05, 0,03, 0,03]°;5;[0..4];optymalizowany;550.0;rel 0.5;0.5;nominalnie;tak;98;490;3;39
L 0,85 mm; odstępy wyjść [0,02, 0,05, 0,03, 0,03]°;5;[0..4];optymalizowany;550.0;rel 0.3;0.5;nominalnie;tak;98;490;3;39
L 0,85 mm; odstępy wyjść [0,02, 0,05, 0,03, 0,03]°;5;[0..4];optymalizowany;550.0;abs 0.1;0.5;nominalnie;tak;95;475;3;37
L 0,85 mm; odstępy wyjść [0,02, 0,05, 0,03, 0,03]°;5;[0..4];optymalizowany;450.0;abs 0.1;0.3;nominalnie;tak;132;660;4;37
L 0,85 mm; odstępy wyjść [0,02, 0,05, 0,03, 0,03]°;5;[0..4];optymalizowany;500.0;rel 0.5;0.3;nominalnie;tak;138;690;4;39
L 0,85 mm; odstępy wyjść [0,02, 0,05, 0,03, 0,03]°;5;[0..4];optymalizowany;450.0;abs 0.1;0.15;nominalnie;tak;161;805;5;37
L 0,85 mm; odstępy wyjść [0,02, 0,04, 0,02, 0,03]°;5;[0..4];optymalizowany;600.0;rel 0.5;0.5;nominalnie;tak;97;485;3;39
L 0,85 mm; odstępy wyjść [0,02, 0,04, 0,02, 0,03]°;5;[0..4];optymalizowany;600.0;rel 0.3;0.5;nominalnie;tak;98;490;3;40
L 0,85 mm; odstępy wyjść [0,02, 0,04, 0,02, 0,03]°;5;[0..4];optymalizowany;600.0;abs 0.1;0.5;nominalnie;tak;81;405;3;29
L 0,85 mm; odstępy wyjść [0,02, 0,04, 0,02, 0,03]°;5;[0..4];optymalizowany;500.0;abs 0.1;0.3;nominalnie;tak;108;540;4;29
L 0,85 mm; odstępy wyjść [0,02, 0,04, 0,02, 0,03]°;5;[0..4];optymalizowany;500.0;rel 0.5;0.3;nominalnie;tak;140;700;4;40
L 0,85 mm; odstępy wyjść [0,02, 0,04, 0,02, 0,03]°;5;[0..4];optymalizowany;450.0;abs 0.1;0.15;nominalnie;tak;131;655;5;29
L 0,85 mm; odstępy wyjść [0,02, 0,04, 0,04, 0,03]°;5;[0..4];optymalizowany;550.0;rel 0.5;0.5;nominalnie;tak;99;495;3;39
L 0,85 mm; odstępy wyjść [0,02, 0,04, 0,04, 0,03]°;5;[0..4];optymalizowany;550.0;rel 0.3;0.5;nominalnie;tak;99;495;3;39
L 0,85 mm; odstępy wyjść [0,02, 0,04, 0,04, 0,03]°;5;[0..4];optymalizowany;550.0;abs 0.1;0.5;nominalnie;tak;97;485;3;38
L 0,85 mm; odstępy wyjść [0,02, 0,04, 0,04, 0,03]°;5;[0..4];optymalizowany;450.0;abs 0.1;0.3;nominalnie;tak;140;700;4;39
L 0,85 mm; odstępy wyjść [0,02, 0,04, 0,04, 0,03]°;5;[0..4];optymalizowany;500.0;rel 0.5;0.3;nominalnie;tak;138;690;4;39
L 0,85 mm; odstępy wyjść [0,02, 0,04, 0,04, 0,03]°;5;[0..4];optymalizowany;450.0;abs 0.1;0.15;nominalnie;tak;167;835;5;39
L 0,85 mm; odstępy wyjść [0,02, 0,04, 0,03, 0,02]°;5;[0..4];optymalizowany;550.0;rel 0.5;0.5;nominalnie;tak;104;520;3;39
L 0,85 mm; odstępy wyjść [0,02, 0,04, 0,03, 0,02]°;5;[0..4];optymalizowany;550.0;rel 0.3;0.5;nominalnie;tak;104;520;3;40
L 0,85 mm; odstępy wyjść [0,02, 0,04, 0,03, 0,02]°;5;[0..4];optymalizowany;550.0;abs 0.1;0.5;nominalnie;tak;76;380;3;28
L 0,85 mm; odstępy wyjść [0,02, 0,04, 0,03, 0,02]°;5;[0..4];optymalizowany;500.0;abs 0.1;0.3;nominalnie;tak;102;510;4;28
L 0,85 mm; odstępy wyjść [0,02, 0,04, 0,03, 0,02]°;5;[0..4];optymalizowany;500.0;rel 0.5;0.3;nominalnie;tak;140;700;4;40
L 0,85 mm; odstępy wyjść [0,02, 0,04, 0,03, 0,02]°;5;[0..4];optymalizowany;450.0;abs 0.1;0.15;nominalnie;tak;121;605;5;28
L 0,85 mm; odstępy wyjść [0,02, 0,04, 0,03, 0,04]°;5;[0..4];optymalizowany;550.0;rel 0.5;0.5;nominalnie;tak;98;490;3;39
L 0,85 mm; odstępy wyjść [0,02, 0,04, 0,03, 0,04]°;5;[0..4];optymalizowany;550.0;rel 0.3;0.5;nominalnie;tak;98;490;3;39
L 0,85 mm; odstępy wyjść [0,02, 0,04, 0,03, 0,04]°;5;[0..4];optymalizowany;550.0;abs 0.1;0.5;nominalnie;tak;97;485;3;38
L 0,85 mm; odstępy wyjść [0,02, 0,04, 0,03, 0,04]°;5;[0..4];optymalizowany;500.0;abs 0.1;0.3;nominalnie;tak;140;700;4;38
L 0,85 mm; odstępy wyjść [0,02, 0,04, 0,03, 0,04]°;5;[0..4];optymalizowany;500.0;rel 0.5;0.3;nominalnie;tak;138;690;4;39
L 0,85 mm; odstępy wyjść [0,02, 0,04, 0,03, 0,04]°;5;[0..4];optymalizowany;450.0;abs 0.1;0.15;nominalnie;tak;170;850;5;38
L 0,85 mm; odstępy wyjść [0,01, 0,04, 0,03, 0,02]°;5;[0..4];optymalizowany;550.0;rel 0.5;0.5;nominalnie;tak;103;515;3;39
L 0,85 mm; odstępy wyjść [0,01, 0,04, 0,03, 0,02]°;5;[0..4];optymalizowany;550.0;rel 0.3;0.5;nominalnie;tak;104;520;3;40
L 0,85 mm; odstępy wyjść [0,01, 0,04, 0,03, 0,02]°;5;[0..4];optymalizowany;550.0;abs 0.1;0.5;nominalnie;tak;77;385;3;28
L 0,85 mm; odstępy wyjść [0,01, 0,04, 0,03, 0,02]°;5;[0..4];optymalizowany;500.0;abs 0.1;0.3;nominalnie;tak;100;500;4;28
L 0,85 mm; odstępy wyjść [0,01, 0,04, 0,03, 0,02]°;5;[0..4];optymalizowany;500.0;rel 0.5;0.3;nominalnie;tak;140;700;4;40
L 0,85 mm; odstępy wyjść [0,01, 0,04, 0,03, 0,02]°;5;[0..4];optymalizowany;450.0;abs 0.1;0.15;nominalnie;tak;122;610;5;28
L 0,85 mm; odstępy wyjść [0,02, 0,03, 0,03, 0,02]°;5;[0..4];optymalizowany;600.0;rel 0.5;0.5;nominalnie;tak;100;500;3;39
L 0,85 mm; odstępy wyjść [0,02, 0,03, 0,03, 0,02]°;5;[0..4];optymalizowany;600.0;rel 0.3;0.5;nominalnie;tak;100;500;3;40
L 0,85 mm; odstępy wyjść [0,02, 0,03, 0,03, 0,02]°;5;[0..4];optymalizowany;600.0;abs 0.1;0.5;nominalnie;tak;72;360;3;27
L 0,85 mm; odstępy wyjść [0,02, 0,03, 0,03, 0,02]°;5;[0..4];optymalizowany;500.0;abs 0.1;0.3;nominalnie;tak;98;490;4;27
L 0,85 mm; odstępy wyjść [0,02, 0,03, 0,03, 0,02]°;5;[0..4];optymalizowany;500.0;rel 0.5;0.3;nominalnie;tak;140;700;4;40
L 0,85 mm; odstępy wyjść [0,02, 0,03, 0,03, 0,02]°;5;[0..4];optymalizowany;450.0;abs 0.1;0.15;nominalnie;tak;119;595;5;27
L 0,85 mm; odstępy wyjść [0,02, 0,05, 0,03, 0,02]°;5;[0..4];optymalizowany;550.0;rel 0.5;0.5;nominalnie;tak;103;515;4;39
L 0,85 mm; odstępy wyjść [0,02, 0,05, 0,03, 0,02]°;5;[0..4];optymalizowany;550.0;rel 0.3;0.5;nominalnie;tak;103;515;4;39
L 0,85 mm; odstępy wyjść [0,02, 0,05, 0,03, 0,02]°;5;[0..4];optymalizowany;550.0;abs 0.1;0.5;nominalnie;tak;76;380;4;28
L 0,85 mm; odstępy wyjść [0,02, 0,05, 0,03, 0,02]°;5;[0..4];optymalizowany;450.0;abs 0.1;0.3;nominalnie;tak;104;520;5;28
L 0,85 mm; odstępy wyjść [0,02, 0,05, 0,03, 0,02]°;5;[0..4];optymalizowany;450.0;rel 0.5;0.3;nominalnie;tak;142;710;5;39
L 0,85 mm; odstępy wyjść [0,02, 0,05, 0,03, 0,02]°;5;[0..4];optymalizowany;400.0;abs 0.1;0.15;nominalnie;tak;128;640;5;28
L 0,85 mm; odstępy wyjść [0,02, 0,04, 0,02, 0,02]°;5;[0..4];optymalizowany;600.0;rel 0.5;0.5;nominalnie;tak;100;500;3;39
L 0,85 mm; odstępy wyjść [0,02, 0,04, 0,02, 0,02]°;5;[0..4];optymalizowany;600.0;rel 0.3;0.5;nominalnie;tak;101;505;3;40
L 0,85 mm; odstępy wyjść [0,02, 0,04, 0,02, 0,02]°;5;[0..4];optymalizowany;550.0;abs 0.1;0.5;nominalnie;tak;56;280;3;21
L 0,85 mm; odstępy wyjść [0,02, 0,04, 0,02, 0,02]°;5;[0..4];optymalizowany;500.0;abs 0.1;0.3;nominalnie;tak;72;360;4;21
L 0,85 mm; odstępy wyjść [0,02, 0,04, 0,02, 0,02]°;5;[0..4];optymalizowany;500.0;rel 0.5;0.3;nominalnie;tak;140;700;4;40
L 0,85 mm; odstępy wyjść [0,02, 0,04, 0,02, 0,02]°;5;[0..4];optymalizowany;450.0;abs 0.1;0.15;nominalnie;tak;84;420;5;21
L 0,85 mm; odstępy wyjść [0,02, 0,04, 0,04, 0,02]°;5;[0..4];optymalizowany;550.0;rel 0.5;0.5;nominalnie;tak;102;510;3;39
L 0,85 mm; odstępy wyjść [0,02, 0,04, 0,04, 0,02]°;5;[0..4];optymalizowany;550.0;rel 0.3;0.5;nominalnie;tak;102;510;3;39
L 0,85 mm; odstępy wyjść [0,02, 0,04, 0,04, 0,02]°;5;[0..4];optymalizowany;550.0;abs 0.1;0.5;nominalnie;tak;87;435;3;32
L 0,85 mm; odstępy wyjść [0,02, 0,04, 0,04, 0,02]°;5;[0..4];optymalizowany;450.0;abs 0.1;0.3;nominalnie;tak;118;590;4;32
L 0,85 mm; odstępy wyjść [0,02, 0,04, 0,04, 0,02]°;5;[0..4];optymalizowany;450.0;rel 0.5;0.3;nominalnie;tak;142;710;4;39
L 0,85 mm; odstępy wyjść [0,02, 0,04, 0,04, 0,02]°;5;[0..4];optymalizowany;400.0;abs 0.1;0.15;nominalnie;tak;146;730;5;32
L 0,85 mm; odstępy wyjść [0,02, 0,04, 0,03, 0,01]°;5;[0..4];optymalizowany;550.0;rel 0.5;0.5;nominalnie;tak;105;525;4;39
L 0,85 mm; odstępy wyjść [0,02, 0,04, 0,03, 0,01]°;5;[0..4];optymalizowany;550.0;rel 0.3;0.5;nominalnie;tak;106;530;4;40
L 0,85 mm; odstępy wyjść [0,02, 0,04, 0,03, 0,01]°;5;[0..4];optymalizowany;550.0;abs 0.1;0.5;nominalnie;tak;8;40;2;5
L 0,85 mm; odstępy wyjść [0,02, 0,04, 0,03, 0,01]°;5;[0..4];optymalizowany;450.0;abs 0.1;0.3;nominalnie;tak;8;40;2;5
L 0,85 mm; odstępy wyjść [0,02, 0,04, 0,03, 0,01]°;5;[0..4];optymalizowany;500.0;rel 0.5;0.3;nominalnie;tak;149;745;5;40
L 0,85 mm; odstępy wyjść [0,02, 0,04, 0,03, 0,01]°;5;[0..4];optymalizowany;400.0;abs 0.1;0.15;nominalnie;tak;10;50;2;5
L 0,85 mm; odstępy wyjść [0,01, 0,04, 0,03, 0,01]°;5;[0..4];optymalizowany;550.0;rel 0.5;0.5;nominalnie;tak;106;530;3;40
L 0,85 mm; odstępy wyjść [0,01, 0,04, 0,03, 0,01]°;5;[0..4];optymalizowany;550.0;rel 0.3;0.5;nominalnie;tak;107;535;3;40
L 0,85 mm; odstępy wyjść [0,01, 0,04, 0,03, 0,01]°;5;[0..4];optymalizowany;;abs 0.1;0.5;nominalnie;tak;0;0;0;0
L 0,85 mm; odstępy wyjść [0,01, 0,04, 0,03, 0,01]°;5;[0..4];optymalizowany;;abs 0.1;0.3;nominalnie;tak;0;0;0;0
L 0,85 mm; odstępy wyjść [0,01, 0,04, 0,03, 0,01]°;5;[0..4];optymalizowany;500.0;rel 0.5;0.3;nominalnie;tak;155;775;5;40
L 0,85 mm; odstępy wyjść [0,01, 0,04, 0,03, 0,01]°;5;[0..4];optymalizowany;;abs 0.1;0.15;nominalnie;tak;0;0;0;0
L 0,85 mm; odstępy wyjść [0,03, 0,04, 0,03, 0,01]°;5;[0..4];optymalizowany;550.0;rel 0.5;0.5;nominalnie;tak;104;520;4;39
L 0,85 mm; odstępy wyjść [0,03, 0,04, 0,03, 0,01]°;5;[0..4];optymalizowany;550.0;rel 0.3;0.5;nominalnie;tak;104;520;4;40
L 0,85 mm; odstępy wyjść [0,03, 0,04, 0,03, 0,01]°;5;[0..4];optymalizowany;500.0;abs 0.1;0.5;nominalnie;tak;10;50;2;6
L 0,85 mm; odstępy wyjść [0,03, 0,04, 0,03, 0,01]°;5;[0..4];optymalizowany;450.0;abs 0.1;0.3;nominalnie;tak;10;50;2;6
L 0,85 mm; odstępy wyjść [0,03, 0,04, 0,03, 0,01]°;5;[0..4];optymalizowany;450.0;rel 0.5;0.3;nominalnie;tak;149;745;5;40
L 0,85 mm; odstępy wyjść [0,03, 0,04, 0,03, 0,01]°;5;[0..4];optymalizowany;400.0;abs 0.1;0.15;nominalnie;tak;12;60;3;6
L 0,85 mm; odstępy wyjść [0,02, 0,03, 0,03, 0,01]°;5;[0..4];optymalizowany;600.0;rel 0.5;0.5;nominalnie;tak;103;515;3;40
L 0,85 mm; odstępy wyjść [0,02, 0,03, 0,03, 0,01]°;5;[0..4];optymalizowany;600.0;rel 0.3;0.5;nominalnie;tak;103;515;3;40
L 0,85 mm; odstępy wyjść [0,02, 0,03, 0,03, 0,01]°;5;[0..4];optymalizowany;;abs 0.1;0.5;nominalnie;tak;0;0;0;0
L 0,85 mm; odstępy wyjść [0,02, 0,03, 0,03, 0,01]°;5;[0..4];optymalizowany;;abs 0.1;0.3;nominalnie;tak;0;0;0;0
L 0,85 mm; odstępy wyjść [0,02, 0,03, 0,03, 0,01]°;5;[0..4];optymalizowany;500.0;rel 0.5;0.3;nominalnie;tak;142;710;5;40
L 0,85 mm; odstępy wyjść [0,02, 0,03, 0,03, 0,01]°;5;[0..4];optymalizowany;;abs 0.1;0.15;nominalnie;tak;0;0;0;0
L 0,85 mm; odstępy wyjść [0,02, 0,05, 0,03, 0,01]°;5;[0..4];optymalizowany;500.0;rel 0.5;0.5;nominalnie;tak;106;530;4;39
L 0,85 mm; odstępy wyjść [0,02, 0,05, 0,03, 0,01]°;5;[0..4];optymalizowany;500.0;rel 0.3;0.5;nominalnie;tak;106;530;4;40
L 0,85 mm; odstępy wyjść [0,02, 0,05, 0,03, 0,01]°;5;[0..4];optymalizowany;500.0;abs 0.1;0.5;nominalnie;tak;23;115;3;10
L 0,85 mm; odstępy wyjść [0,02, 0,05, 0,03, 0,01]°;5;[0..4];optymalizowany;450.0;abs 0.1;0.3;nominalnie;tak;26;130;3;10
L 0,85 mm; odstępy wyjść [0,02, 0,05, 0,03, 0,01]°;5;[0..4];optymalizowany;450.0;rel 0.5;0.3;nominalnie;tak;163;815;5;40
L 0,85 mm; odstępy wyjść [0,02, 0,05, 0,03, 0,01]°;5;[0..4];optymalizowany;400.0;abs 0.1;0.15;nominalnie;tak;30;150;4;10
L 0,85 mm; odstępy wyjść [0,02, 0,04, 0,02, 0,01]°;5;[0..4];optymalizowany;550.0;rel 0.5;0.5;nominalnie;NIE;105;525;3;39
L 0,85 mm; odstępy wyjść [0,02, 0,04, 0,02, 0,01]°;5;[0..4];optymalizowany;550.0;rel 0.3;0.5;nominalnie;NIE;106;530;3;40
L 0,85 mm; odstępy wyjść [0,02, 0,04, 0,02, 0,01]°;5;[0..4];optymalizowany;;abs 0.1;0.5;nominalnie;NIE;0;0;0;0
L 0,85 mm; odstępy wyjść [0,02, 0,04, 0,02, 0,01]°;5;[0..4];optymalizowany;;abs 0.1;0.3;nominalnie;NIE;0;0;0;0
L 0,85 mm; odstępy wyjść [0,02, 0,04, 0,02, 0,01]°;5;[0..4];optymalizowany;500.0;rel 0.5;0.3;nominalnie;NIE;153;765;5;40
L 0,85 mm; odstępy wyjść [0,02, 0,04, 0,02, 0,01]°;5;[0..4];optymalizowany;;abs 0.1;0.15;nominalnie;NIE;0;0;0;0
L 0,85 mm; odstępy wyjść [0,02, 0,04, 0,04, 0,01]°;5;[0..4];optymalizowany;550.0;rel 0.5;0.5;nominalnie;tak;105;525;4;39
L 0,85 mm; odstępy wyjść [0,02, 0,04, 0,04, 0,01]°;5;[0..4];optymalizowany;550.0;rel 0.3;0.5;nominalnie;tak;105;525;4;40
L 0,85 mm; odstępy wyjść [0,02, 0,04, 0,04, 0,01]°;5;[0..4];optymalizowany;500.0;abs 0.1;0.5;nominalnie;tak;57;285;3;21
L 0,85 mm; odstępy wyjść [0,02, 0,04, 0,04, 0,01]°;5;[0..4];optymalizowany;450.0;abs 0.1;0.3;nominalnie;tak;79;395;5;21
L 0,85 mm; odstępy wyjść [0,02, 0,04, 0,04, 0,01]°;5;[0..4];optymalizowany;450.0;rel 0.5;0.3;nominalnie;tak;147;735;5;40
L 0,85 mm; odstępy wyjść [0,02, 0,04, 0,04, 0,01]°;5;[0..4];optymalizowany;400.0;abs 0.1;0.15;nominalnie;tak;89;445;5;21
L 0,85 mm; odstępy wyjść [0,02, 0,04, 0,03, 0,0]°;5;[0..4];optymalizowany;550.0;rel 0.5;0.5;nominalnie;NIE;110;550;4;40
L 0,85 mm; odstępy wyjść [0,02, 0,04, 0,03, 0,0]°;5;[0..4];optymalizowany;550.0;rel 0.3;0.5;nominalnie;NIE;110;550;4;40
L 0,85 mm; odstępy wyjść [0,02, 0,04, 0,03, 0,0]°;5;[0..4];optymalizowany;;abs 0.1;0.5;nominalnie;NIE;0;0;0;0
L 0,85 mm; odstępy wyjść [0,02, 0,04, 0,03, 0,0]°;5;[0..4];optymalizowany;;abs 0.1;0.3;nominalnie;NIE;0;0;0;0
L 0,85 mm; odstępy wyjść [0,02, 0,04, 0,03, 0,0]°;5;[0..4];optymalizowany;450.0;rel 0.5;0.3;nominalnie;NIE;163;815;5;40
L 0,85 mm; odstępy wyjść [0,02, 0,04, 0,03, 0,0]°;5;[0..4];optymalizowany;;abs 0.1;0.15;nominalnie;NIE;0;0;0;0
L 0,85 mm; odstępy wyjść [0,0, 0,04, 0,03, 0,01]°;5;[0..4];optymalizowany;600.0;rel 0.5;0.5;nominalnie;tak;104;520;3;40
L 0,85 mm; odstępy wyjść [0,0, 0,04, 0,03, 0,01]°;5;[0..4];optymalizowany;600.0;rel 0.3;0.5;nominalnie;tak;106;530;3;40
L 0,85 mm; odstępy wyjść [0,0, 0,04, 0,03, 0,01]°;5;[0..4];optymalizowany;;abs 0.1;0.5;nominalnie;tak;0;0;0;0
L 0,85 mm; odstępy wyjść [0,0, 0,04, 0,03, 0,01]°;5;[0..4];optymalizowany;;abs 0.1;0.3;nominalnie;tak;0;0;0;0
L 0,85 mm; odstępy wyjść [0,0, 0,04, 0,03, 0,01]°;5;[0..4];optymalizowany;500.0;rel 0.5;0.3;nominalnie;tak;155;775;5;40
L 0,85 mm; odstępy wyjść [0,0, 0,04, 0,03, 0,01]°;5;[0..4];optymalizowany;;abs 0.1;0.15;nominalnie;tak;0;0;0;0
L 0,85 mm; odstępy wyjść [0,01, 0,03, 0,03, 0,01]°;5;[0..4];optymalizowany;700.0;rel 0.5;0.5;nominalnie;tak;96;480;3;40
L 0,85 mm; odstępy wyjść [0,01, 0,03, 0,03, 0,01]°;5;[0..4];optymalizowany;700.0;rel 0.3;0.5;nominalnie;tak;96;480;3;40
L 0,85 mm; odstępy wyjść [0,01, 0,03, 0,03, 0,01]°;5;[0..4];optymalizowany;;abs 0.1;0.5;nominalnie;tak;0;0;0;0
L 0,85 mm; odstępy wyjść [0,01, 0,03, 0,03, 0,01]°;5;[0..4];optymalizowany;;abs 0.1;0.3;nominalnie;tak;0;0;0;0
L 0,85 mm; odstępy wyjść [0,01, 0,03, 0,03, 0,01]°;5;[0..4];optymalizowany;500.0;rel 0.5;0.3;nominalnie;tak;142;710;5;40
L 0,85 mm; odstępy wyjść [0,01, 0,03, 0,03, 0,01]°;5;[0..4];optymalizowany;;abs 0.1;0.15;nominalnie;tak;0;0;0;0
L 0,85 mm; odstępy wyjść [0,01, 0,05, 0,03, 0,01]°;5;[0..4];optymalizowany;550.0;rel 0.5;0.5;nominalnie;tak;105;525;4;39
L 0,85 mm; odstępy wyjść [0,01, 0,05, 0,03, 0,01]°;5;[0..4];optymalizowany;550.0;rel 0.3;0.5;nominalnie;tak;106;530;4;40
L 0,85 mm; odstępy wyjść [0,01, 0,05, 0,03, 0,01]°;5;[0..4];optymalizowany;500.0;abs 0.1;0.5;nominalnie;tak;21;105;3;9
L 0,85 mm; odstępy wyjść [0,01, 0,05, 0,03, 0,01]°;5;[0..4];optymalizowany;450.0;abs 0.1;0.3;nominalnie;tak;23;115;3;9
L 0,85 mm; odstępy wyjść [0,01, 0,05, 0,03, 0,01]°;5;[0..4];optymalizowany;450.0;rel 0.5;0.3;nominalnie;tak;157;785;5;40
L 0,85 mm; odstępy wyjść [0,01, 0,05, 0,03, 0,01]°;5;[0..4];optymalizowany;400.0;abs 0.1;0.15;nominalnie;tak;24;120;4;9
L 0,85 mm; odstępy wyjść [0,01, 0,04, 0,02, 0,01]°;5;[0..4];optymalizowany;600.0;rel 0.5;0.5;nominalnie;NIE;104;520;3;40
L 0,85 mm; odstępy wyjść [0,01, 0,04, 0,02, 0,01]°;5;[0..4];optymalizowany;600.0;rel 0.3;0.5;nominalnie;NIE;104;520;3;40
L 0,85 mm; odstępy wyjść [0,01, 0,04, 0,02, 0,01]°;5;[0..4];optymalizowany;;abs 0.1;0.5;nominalnie;NIE;0;0;0;0
L 0,85 mm; odstępy wyjść [0,01, 0,04, 0,02, 0,01]°;5;[0..4];optymalizowany;;abs 0.1;0.3;nominalnie;NIE;0;0;0;0
L 0,85 mm; odstępy wyjść [0,01, 0,04, 0,02, 0,01]°;5;[0..4];optymalizowany;500.0;rel 0.5;0.3;nominalnie;NIE;157;785;5;40
L 0,85 mm; odstępy wyjść [0,01, 0,04, 0,02, 0,01]°;5;[0..4];optymalizowany;;abs 0.1;0.15;nominalnie;NIE;0;0;0;0
L 0,85 mm; odstępy wyjść [0,01, 0,04, 0,04, 0,01]°;5;[0..4];optymalizowany;550.0;rel 0.5;0.5;nominalnie;tak;105;525;4;39
L 0,85 mm; odstępy wyjść [0,01, 0,04, 0,04, 0,01]°;5;[0..4];optymalizowany;550.0;rel 0.3;0.5;nominalnie;tak;106;530;4;40
L 0,85 mm; odstępy wyjść [0,01, 0,04, 0,04, 0,01]°;5;[0..4];optymalizowany;550.0;abs 0.1;0.5;nominalnie;tak;56;280;4;20
L 0,85 mm; odstępy wyjść [0,01, 0,04, 0,04, 0,01]°;5;[0..4];optymalizowany;450.0;abs 0.1;0.3;nominalnie;tak;74;370;5;20
L 0,85 mm; odstępy wyjść [0,01, 0,04, 0,04, 0,01]°;5;[0..4];optymalizowany;500.0;rel 0.5;0.3;nominalnie;tak;153;765;5;40
L 0,85 mm; odstępy wyjść [0,01, 0,04, 0,04, 0,01]°;5;[0..4];optymalizowany;400.0;abs 0.1;0.15;nominalnie;tak;87;435;5;20
L 0,85 mm; odstępy wyjść [0,01, 0,04, 0,03, 0,0]°;5;[0..4];optymalizowany;550.0;rel 0.5;0.5;nominalnie;NIE;116;580;4;40
L 0,85 mm; odstępy wyjść [0,01, 0,04, 0,03, 0,0]°;5;[0..4];optymalizowany;550.0;rel 0.3;0.5;nominalnie;NIE;116;580;4;40
L 0,85 mm; odstępy wyjść [0,01, 0,04, 0,03, 0,0]°;5;[0..4];optymalizowany;;abs 0.1;0.5;nominalnie;NIE;0;0;0;0
L 0,85 mm; odstępy wyjść [0,01, 0,04, 0,03, 0,0]°;5;[0..4];optymalizowany;;abs 0.1;0.3;nominalnie;NIE;0;0;0;0
L 0,85 mm; odstępy wyjść [0,01, 0,04, 0,03, 0,0]°;5;[0..4];optymalizowany;500.0;rel 0.5;0.3;nominalnie;NIE;166;830;5;40
L 0,85 mm; odstępy wyjść [0,01, 0,04, 0,03, 0,0]°;5;[0..4];optymalizowany;;abs 0.1;0.15;nominalnie;NIE;0;0;0;0
L 0,85 mm; odstępy wyjść [0,03, 0,04, 0,04, 0,04]°;5;[0..4];optymalizowany;550.0;rel 0.5;0.5;nominalnie;tak;93;465;3;39
L 0,85 mm; odstępy wyjść [0,03, 0,04, 0,04, 0,04]°;5;[0..4];optymalizowany;550.0;rel 0.3;0.5;nominalnie;tak;93;465;3;39
L 0,85 mm; odstępy wyjść [0,03, 0,04, 0,04, 0,04]°;5;[0..4];optymalizowany;550.0;abs 0.1;0.5;nominalnie;tak;93;465;3;39
L 0,85 mm; odstępy wyjść [0,03, 0,04, 0,04, 0,04]°;5;[0..4];optymalizowany;500.0;abs 0.1;0.3;nominalnie;tak;150;750;4;42
L 0,85 mm; odstępy wyjść [0,03, 0,04, 0,04, 0,04]°;5;[0..4];optymalizowany;500.0;rel 0.5;0.3;nominalnie;tak;134;670;4;39
L 0,85 mm; odstępy wyjść [0,03, 0,04, 0,04, 0,04]°;5;[0..4];optymalizowany;450.0;abs 0.1;0.15;nominalnie;tak;184;920;5;42
L 0,85 mm; odstępy wyjść [0,05, 0,04, 0,04, 0,04]°;5;[0..4];optymalizowany;550.0;rel 0.5;0.5;nominalnie;tak;86;430;3;39
L 0,85 mm; odstępy wyjść [0,05, 0,04, 0,04, 0,04]°;5;[0..4];optymalizowany;550.0;rel 0.3;0.5;nominalnie;tak;86;430;3;39
L 0,85 mm; odstępy wyjść [0,05, 0,04, 0,04, 0,04]°;5;[0..4];optymalizowany;550.0;abs 0.1;0.5;nominalnie;tak;86;430;3;39
L 0,85 mm; odstępy wyjść [0,05, 0,04, 0,04, 0,04]°;5;[0..4];optymalizowany;500.0;abs 0.1;0.3;nominalnie;tak;146;730;4;44
L 0,85 mm; odstępy wyjść [0,05, 0,04, 0,04, 0,04]°;5;[0..4];optymalizowany;500.0;rel 0.5;0.3;nominalnie;tak;132;660;4;39
L 0,85 mm; odstępy wyjść [0,05, 0,04, 0,04, 0,04]°;5;[0..4];optymalizowany;450.0;abs 0.1;0.15;nominalnie;tak;164;820;4;44
L 0,85 mm; odstępy wyjść [0,04, 0,03, 0,04, 0,04]°;5;[0..4];optymalizowany;550.0;rel 0.5;0.5;nominalnie;tak;93;465;3;39
L 0,85 mm; odstępy wyjść [0,04, 0,03, 0,04, 0,04]°;5;[0..4];optymalizowany;550.0;rel 0.3;0.5;nominalnie;tak;93;465;3;39
L 0,85 mm; odstępy wyjść [0,04, 0,03, 0,04, 0,04]°;5;[0..4];optymalizowany;550.0;abs 0.1;0.5;nominalnie;tak;93;465;3;38
L 0,85 mm; odstępy wyjść [0,04, 0,03, 0,04, 0,04]°;5;[0..4];optymalizowany;500.0;abs 0.1;0.3;nominalnie;tak;144;720;4;38
L 0,85 mm; odstępy wyjść [0,04, 0,03, 0,04, 0,04]°;5;[0..4];optymalizowany;500.0;rel 0.5;0.3;nominalnie;tak;134;670;4;39
L 0,85 mm; odstępy wyjść [0,04, 0,03, 0,04, 0,04]°;5;[0..4];optymalizowany;450.0;abs 0.1;0.15;nominalnie;tak;174;870;5;38
L 0,85 mm; odstępy wyjść [0,04, 0,05, 0,04, 0,04]°;5;[0..4];optymalizowany;550.0;rel 0.5;0.5;nominalnie;tak;86;430;3;38
L 0,85 mm; odstępy wyjść [0,04, 0,05, 0,04, 0,04]°;5;[0..4];optymalizowany;550.0;rel 0.3;0.5;nominalnie;tak;86;430;3;38
L 0,85 mm; odstępy wyjść [0,04, 0,05, 0,04, 0,04]°;5;[0..4];optymalizowany;550.0;abs 0.1;0.5;nominalnie;tak;86;430;3;38
L 0,85 mm; odstępy wyjść [0,04, 0,05, 0,04, 0,04]°;5;[0..4];optymalizowany;500.0;abs 0.1;0.3;nominalnie;tak;146;730;4;44
L 0,85 mm; odstępy wyjść [0,04, 0,05, 0,04, 0,04]°;5;[0..4];optymalizowany;500.0;rel 0.5;0.3;nominalnie;tak;132;660;4;39
L 0,85 mm; odstępy wyjść [0,04, 0,05, 0,04, 0,04]°;5;[0..4];optymalizowany;450.0;abs 0.1;0.15;nominalnie;tak;160;800;4;44
L 0,85 mm; odstępy wyjść [0,04, 0,04, 0,03, 0,04]°;5;[0..4];optymalizowany;550.0;rel 0.5;0.5;nominalnie;tak;93;465;3;39
L 0,85 mm; odstępy wyjść [0,04, 0,04, 0,03, 0,04]°;5;[0..4];optymalizowany;550.0;rel 0.3;0.5;nominalnie;tak;93;465;3;39
L 0,85 mm; odstępy wyjść [0,04, 0,04, 0,03, 0,04]°;5;[0..4];optymalizowany;550.0;abs 0.1;0.5;nominalnie;tak;93;465;3;38
L 0,85 mm; odstępy wyjść [0,04, 0,04, 0,03, 0,04]°;5;[0..4];optymalizowany;500.0;abs 0.1;0.3;nominalnie;tak;144;720;4;39
L 0,85 mm; odstępy wyjść [0,04, 0,04, 0,03, 0,04]°;5;[0..4];optymalizowany;500.0;rel 0.5;0.3;nominalnie;tak;134;670;4;39
L 0,85 mm; odstępy wyjść [0,04, 0,04, 0,03, 0,04]°;5;[0..4];optymalizowany;450.0;abs 0.1;0.15;nominalnie;tak;165;825;5;39
L 0,85 mm; odstępy wyjść [0,04, 0,04, 0,05, 0,04]°;5;[0..4];optymalizowany;550.0;rel 0.5;0.5;nominalnie;tak;86;430;3;38
L 0,85 mm; odstępy wyjść [0,04, 0,04, 0,05, 0,04]°;5;[0..4];optymalizowany;550.0;rel 0.3;0.5;nominalnie;tak;86;430;3;38
L 0,85 mm; odstępy wyjść [0,04, 0,04, 0,05, 0,04]°;5;[0..4];optymalizowany;550.0;abs 0.1;0.5;nominalnie;tak;86;430;3;38
L 0,85 mm; odstępy wyjść [0,04, 0,04, 0,05, 0,04]°;5;[0..4];optymalizowany;500.0;abs 0.1;0.3;nominalnie;tak;150;750;4;43
L 0,85 mm; odstępy wyjść [0,04, 0,04, 0,05, 0,04]°;5;[0..4];optymalizowany;500.0;rel 0.5;0.3;nominalnie;tak;132;660;4;39
L 0,85 mm; odstępy wyjść [0,04, 0,04, 0,05, 0,04]°;5;[0..4];optymalizowany;400.0;abs 0.1;0.15;nominalnie;tak;162;810;4;43
L 0,85 mm; odstępy wyjść [0,04, 0,04, 0,04, 0,03]°;5;[0..4];optymalizowany;550.0;rel 0.5;0.5;nominalnie;tak;93;465;3;39
L 0,85 mm; odstępy wyjść [0,04, 0,04, 0,04, 0,03]°;5;[0..4];optymalizowany;550.0;rel 0.3;0.5;nominalnie;tak;93;465;3;39
L 0,85 mm; odstępy wyjść [0,04, 0,04, 0,04, 0,03]°;5;[0..4];optymalizowany;550.0;abs 0.1;0.5;nominalnie;tak;91;455;3;38
L 0,85 mm; odstępy wyjść [0,04, 0,04, 0,04, 0,03]°;5;[0..4];optymalizowany;500.0;abs 0.1;0.3;nominalnie;tak;138;690;4;39
L 0,85 mm; odstępy wyjść [0,04, 0,04, 0,04, 0,03]°;5;[0..4];optymalizowany;500.0;rel 0.5;0.3;nominalnie;tak;134;670;4;39
L 0,85 mm; odstępy wyjść [0,04, 0,04, 0,04, 0,03]°;5;[0..4];optymalizowany;450.0;abs 0.1;0.15;nominalnie;tak;172;860;5;39
L 0,85 mm; odstępy wyjść [0,04, 0,04, 0,04, 0,05]°;5;[0..4];optymalizowany;550.0;rel 0.5;0.5;nominalnie;tak;86;430;3;38
L 0,85 mm; odstępy wyjść [0,04, 0,04, 0,04, 0,05]°;5;[0..4];optymalizowany;550.0;rel 0.3;0.5;nominalnie;tak;86;430;3;38
L 0,85 mm; odstępy wyjść [0,04, 0,04, 0,04, 0,05]°;5;[0..4];optymalizowany;550.0;abs 0.1;0.5;nominalnie;tak;86;430;3;38
L 0,85 mm; odstępy wyjść [0,04, 0,04, 0,04, 0,05]°;5;[0..4];optymalizowany;500.0;abs 0.1;0.3;nominalnie;tak;150;750;4;43
L 0,85 mm; odstępy wyjść [0,04, 0,04, 0,04, 0,05]°;5;[0..4];optymalizowany;500.0;rel 0.5;0.3;nominalnie;tak;132;660;4;39
L 0,85 mm; odstępy wyjść [0,04, 0,04, 0,04, 0,05]°;5;[0..4];optymalizowany;450.0;abs 0.1;0.15;nominalnie;tak;164;820;4;43
L 0,85 mm; odstępy wyjść [0,01, 0,04, 0,03, 0,01]°;5;[0..4];optymalizowany;;rel 0.5;0.5;|ε| ≤ 1e-05, |φ| ≤ 0.002°; największy wachlarz: ε=[-1.0e-05, -1.0e-05, -1.0e-05, -1.0e-05, +1.0e-05], φ=[+0.0020, +0.0020, +0.0020, +0.0020, -0.0020]; kalibracja C1;tak;103;515;3;39
L 0,85 mm; odstępy wyjść [0,01, 0,04, 0,03, 0,01]°;5;[0..4];optymalizowany;;rel 0.3;0.5;|ε| ≤ 1e-05, |φ| ≤ 0.002°; największy wachlarz: ε=[-1.0e-05, -1.0e-05, -1.0e-05, -1.0e-05, +1.0e-05], φ=[+0.0020, +0.0020, +0.0020, +0.0020, -0.0020]; kalibracja C1;tak;104;520;3;40
L 0,85 mm; odstępy wyjść [0,01, 0,04, 0,03, 0,01]°;5;[0..4];optymalizowany;;abs 0.1;0.5;|ε| ≤ 1e-05, |φ| ≤ 0.002°; największy wachlarz: ε=[-1.0e-05, -1.0e-05, -1.0e-05, -1.0e-05, +1.0e-05], φ=[+0.0020, +0.0020, +0.0020, +0.0020, -0.0020]; kalibracja C1;tak;86;430;3;31
L 0,85 mm; odstępy wyjść [0,01, 0,04, 0,03, 0,01]°;5;[0..4];optymalizowany;;abs 0.1;0.3;|ε| ≤ 1e-05, |φ| ≤ 0.002°; największy wachlarz: ε=[-1.0e-05, -1.0e-05, -1.0e-05, -1.0e-05, +1.0e-05], φ=[+0.0020, +0.0020, +0.0020, +0.0020, -0.0020]; kalibracja C1;tak;115;575;4;31
L 0,85 mm; odstępy wyjść [0,01, 0,04, 0,03, 0,01]°;5;[0..4];optymalizowany;;rel 0.5;0.3;|ε| ≤ 1e-05, |φ| ≤ 0.002°; największy wachlarz: ε=[-1.0e-05, -1.0e-05, -1.0e-05, -1.0e-05, +1.0e-05], φ=[+0.0020, +0.0020, +0.0020, +0.0020, -0.0020]; kalibracja C1;tak;140;700;4;40
L 0,85 mm; odstępy wyjść [0,01, 0,04, 0,03, 0,01]°;5;[0..4];optymalizowany;;abs 0.1;0.15;|ε| ≤ 1e-05, |φ| ≤ 0.002°; największy wachlarz: ε=[-1.0e-05, -1.0e-05, -1.0e-05, -1.0e-05, +1.0e-05], φ=[+0.0020, +0.0020, +0.0020, +0.0020, -0.0020]; kalibracja C1;tak;139;695;5;31
L 0,85 mm; odstępy wyjść [0,01, 0,04, 0,03, 0,01]°;5;[0..4];optymalizowany;;rel 0.5;0.5;|ε| ≤ 1e-05, |φ| ≤ 0.002°; największy wachlarz: ε=[-1.0e-05, -1.0e-05, -1.0e-05, -1.0e-05, +1.0e-05], φ=[+0.0020, +0.0020, +0.0020, +0.0020, -0.0020]; kalibracja C0;tak;104;520;3;39
L 0,85 mm; odstępy wyjść [0,01, 0,04, 0,03, 0,01]°;5;[0..4];optymalizowany;;rel 0.3;0.5;|ε| ≤ 1e-05, |φ| ≤ 0.002°; największy wachlarz: ε=[-1.0e-05, -1.0e-05, -1.0e-05, -1.0e-05, +1.0e-05], φ=[+0.0020, +0.0020, +0.0020, +0.0020, -0.0020]; kalibracja C0;tak;106;530;3;40
L 0,85 mm; odstępy wyjść [0,01, 0,04, 0,03, 0,01]°;5;[0..4];optymalizowany;;abs 0.1;0.5;|ε| ≤ 1e-05, |φ| ≤ 0.002°; największy wachlarz: ε=[-1.0e-05, -1.0e-05, -1.0e-05, -1.0e-05, +1.0e-05], φ=[+0.0020, +0.0020, +0.0020, +0.0020, -0.0020]; kalibracja C0;tak;85;425;3;31
L 0,85 mm; odstępy wyjść [0,01, 0,04, 0,03, 0,01]°;5;[0..4];optymalizowany;;abs 0.1;0.3;|ε| ≤ 1e-05, |φ| ≤ 0.002°; największy wachlarz: ε=[-1.0e-05, -1.0e-05, -1.0e-05, -1.0e-05, +1.0e-05], φ=[+0.0020, +0.0020, +0.0020, +0.0020, -0.0020]; kalibracja C0;tak;114;570;4;31
L 0,85 mm; odstępy wyjść [0,01, 0,04, 0,03, 0,01]°;5;[0..4];optymalizowany;;rel 0.5;0.3;|ε| ≤ 1e-05, |φ| ≤ 0.002°; największy wachlarz: ε=[-1.0e-05, -1.0e-05, -1.0e-05, -1.0e-05, +1.0e-05], φ=[+0.0020, +0.0020, +0.0020, +0.0020, -0.0020]; kalibracja C0;tak;140;700;4;40
L 0,85 mm; odstępy wyjść [0,01, 0,04, 0,03, 0,01]°;5;[0..4];optymalizowany;;abs 0.1;0.15;|ε| ≤ 1e-05, |φ| ≤ 0.002°; największy wachlarz: ε=[-1.0e-05, -1.0e-05, -1.0e-05, -1.0e-05, +1.0e-05], φ=[+0.0020, +0.0020, +0.0020, +0.0020, -0.0020]; kalibracja C0;tak;139;695;5;31
L 0,85 mm; odstępy wyjść [0,01, 0,04, 0,03, 0,01]°;5;[0..4];optymalizowany;;rel 0.5;0.5;|ε| ≤ 1e-05, |φ| ≤ 0.002°; najmniejsza transmisja portów: ε=[+1.0e-05, +1.0e-05, +1.0e-05, +5.0e-06, -1.0e-05], φ=[-0.0020, -0.0020, -0.0020, -0.0010, +0.0020]; kalibracja C1;NIE;117;585;4;40
L 0,85 mm; odstępy wyjść [0,01, 0,04, 0,03, 0,01]°;5;[0..4];optymalizowany;;rel 0.3;0.5;|ε| ≤ 1e-05, |φ| ≤ 0.002°; najmniejsza transmisja portów: ε=[+1.0e-05, +1.0e-05, +1.0e-05, +5.0e-06, -1.0e-05], φ=[-0.0020, -0.0020, -0.0020, -0.0010, +0.0020]; kalibracja C1;NIE;118;590;4;40
L 0,85 mm; odstępy wyjść [0,01, 0,04, 0,03, 0,01]°;5;[0..4];optymalizowany;;abs 0.1;0.5;|ε| ≤ 1e-05, |φ| ≤ 0.002°; najmniejsza transmisja portów: ε=[+1.0e-05, +1.0e-05, +1.0e-05, +5.0e-06, -1.0e-05], φ=[-0.0020, -0.0020, -0.0020, -0.0010, +0.0020]; kalibracja C1;NIE;0;0;0;0
L 0,85 mm; odstępy wyjść [0,01, 0,04, 0,03, 0,01]°;5;[0..4];optymalizowany;;abs 0.1;0.3;|ε| ≤ 1e-05, |φ| ≤ 0.002°; najmniejsza transmisja portów: ε=[+1.0e-05, +1.0e-05, +1.0e-05, +5.0e-06, -1.0e-05], φ=[-0.0020, -0.0020, -0.0020, -0.0010, +0.0020]; kalibracja C1;NIE;0;0;0;0
L 0,85 mm; odstępy wyjść [0,01, 0,04, 0,03, 0,01]°;5;[0..4];optymalizowany;;rel 0.5;0.3;|ε| ≤ 1e-05, |φ| ≤ 0.002°; najmniejsza transmisja portów: ε=[+1.0e-05, +1.0e-05, +1.0e-05, +5.0e-06, -1.0e-05], φ=[-0.0020, -0.0020, -0.0020, -0.0010, +0.0020]; kalibracja C1;NIE;166;830;5;40
L 0,85 mm; odstępy wyjść [0,01, 0,04, 0,03, 0,01]°;5;[0..4];optymalizowany;;abs 0.1;0.15;|ε| ≤ 1e-05, |φ| ≤ 0.002°; najmniejsza transmisja portów: ε=[+1.0e-05, +1.0e-05, +1.0e-05, +5.0e-06, -1.0e-05], φ=[-0.0020, -0.0020, -0.0020, -0.0010, +0.0020]; kalibracja C1;NIE;0;0;0;0
L 0,85 mm; odstępy wyjść [0,01, 0,04, 0,03, 0,01]°;5;[0..4];optymalizowany;;rel 0.5;0.5;|ε| ≤ 1e-05, |φ| ≤ 0.002°; najmniejsza transmisja portów: ε=[+1.0e-05, +1.0e-05, +1.0e-05, +5.0e-06, -1.0e-05], φ=[-0.0020, -0.0020, -0.0020, -0.0010, +0.0020]; kalibracja C0;NIE;115;575;4;40
L 0,85 mm; odstępy wyjść [0,01, 0,04, 0,03, 0,01]°;5;[0..4];optymalizowany;;rel 0.3;0.5;|ε| ≤ 1e-05, |φ| ≤ 0.002°; najmniejsza transmisja portów: ε=[+1.0e-05, +1.0e-05, +1.0e-05, +5.0e-06, -1.0e-05], φ=[-0.0020, -0.0020, -0.0020, -0.0010, +0.0020]; kalibracja C0;NIE;116;580;4;40
L 0,85 mm; odstępy wyjść [0,01, 0,04, 0,03, 0,01]°;5;[0..4];optymalizowany;;abs 0.1;0.5;|ε| ≤ 1e-05, |φ| ≤ 0.002°; najmniejsza transmisja portów: ε=[+1.0e-05, +1.0e-05, +1.0e-05, +5.0e-06, -1.0e-05], φ=[-0.0020, -0.0020, -0.0020, -0.0010, +0.0020]; kalibracja C0;NIE;0;0;0;0
L 0,85 mm; odstępy wyjść [0,01, 0,04, 0,03, 0,01]°;5;[0..4];optymalizowany;;abs 0.1;0.3;|ε| ≤ 1e-05, |φ| ≤ 0.002°; najmniejsza transmisja portów: ε=[+1.0e-05, +1.0e-05, +1.0e-05, +5.0e-06, -1.0e-05], φ=[-0.0020, -0.0020, -0.0020, -0.0010, +0.0020]; kalibracja C0;NIE;0;0;0;0
L 0,85 mm; odstępy wyjść [0,01, 0,04, 0,03, 0,01]°;5;[0..4];optymalizowany;;rel 0.5;0.3;|ε| ≤ 1e-05, |φ| ≤ 0.002°; najmniejsza transmisja portów: ε=[+1.0e-05, +1.0e-05, +1.0e-05, +5.0e-06, -1.0e-05], φ=[-0.0020, -0.0020, -0.0020, -0.0010, +0.0020]; kalibracja C0;NIE;166;830;5;40
L 0,85 mm; odstępy wyjść [0,01, 0,04, 0,03, 0,01]°;5;[0..4];optymalizowany;;abs 0.1;0.15;|ε| ≤ 1e-05, |φ| ≤ 0.002°; najmniejsza transmisja portów: ε=[+1.0e-05, +1.0e-05, +1.0e-05, +5.0e-06, -1.0e-05], φ=[-0.0020, -0.0020, -0.0020, -0.0010, +0.0020]; kalibracja C0;NIE;0;0;0;0
L 0,85 mm; odstępy wyjść [0,01, 0,04, 0,03, 0,01]°;5;[0..4];optymalizowany;;rel 0.5;0.5;|ε| ≤ 2e-05, |φ| ≤ 0.005°; największy wachlarz: ε=[-2.0e-05, -2.0e-05, -2.0e-05, -2.0e-05, +2.0e-05], φ=[+0.0050, +0.0050, +0.0050, +0.0050, -0.0050]; kalibracja C1;tak;101;505;3;39
L 0,85 mm; odstępy wyjść [0,01, 0,04, 0,03, 0,01]°;5;[0..4];optymalizowany;;rel 0.3;0.5;|ε| ≤ 2e-05, |φ| ≤ 0.005°; największy wachlarz: ε=[-2.0e-05, -2.0e-05, -2.0e-05, -2.0e-05, +2.0e-05], φ=[+0.0050, +0.0050, +0.0050, +0.0050, -0.0050]; kalibracja C1;tak;101;505;3;39
L 0,85 mm; odstępy wyjść [0,01, 0,04, 0,03, 0,01]°;5;[0..4];optymalizowany;;abs 0.1;0.5;|ε| ≤ 2e-05, |φ| ≤ 0.005°; największy wachlarz: ε=[-2.0e-05, -2.0e-05, -2.0e-05, -2.0e-05, +2.0e-05], φ=[+0.0050, +0.0050, +0.0050, +0.0050, -0.0050]; kalibracja C1;tak;99;495;3;37
L 0,85 mm; odstępy wyjść [0,01, 0,04, 0,03, 0,01]°;5;[0..4];optymalizowany;;abs 0.1;0.3;|ε| ≤ 2e-05, |φ| ≤ 0.005°; największy wachlarz: ε=[-2.0e-05, -2.0e-05, -2.0e-05, -2.0e-05, +2.0e-05], φ=[+0.0050, +0.0050, +0.0050, +0.0050, -0.0050]; kalibracja C1;tak;138;690;4;37
L 0,85 mm; odstępy wyjść [0,01, 0,04, 0,03, 0,01]°;5;[0..4];optymalizowany;;rel 0.5;0.3;|ε| ≤ 2e-05, |φ| ≤ 0.005°; największy wachlarz: ε=[-2.0e-05, -2.0e-05, -2.0e-05, -2.0e-05, +2.0e-05], φ=[+0.0050, +0.0050, +0.0050, +0.0050, -0.0050]; kalibracja C1;tak;140;700;4;40
L 0,85 mm; odstępy wyjść [0,01, 0,04, 0,03, 0,01]°;5;[0..4];optymalizowany;;abs 0.1;0.15;|ε| ≤ 2e-05, |φ| ≤ 0.005°; największy wachlarz: ε=[-2.0e-05, -2.0e-05, -2.0e-05, -2.0e-05, +2.0e-05], φ=[+0.0050, +0.0050, +0.0050, +0.0050, -0.0050]; kalibracja C1;tak;165;825;5;37
L 0,85 mm; odstępy wyjść [0,01, 0,04, 0,03, 0,01]°;5;[0..4];optymalizowany;;rel 0.5;0.5;|ε| ≤ 2e-05, |φ| ≤ 0.005°; największy wachlarz: ε=[-2.0e-05, -2.0e-05, -2.0e-05, -2.0e-05, +2.0e-05], φ=[+0.0050, +0.0050, +0.0050, +0.0050, -0.0050]; kalibracja C0;tak;101;505;3;39
L 0,85 mm; odstępy wyjść [0,01, 0,04, 0,03, 0,01]°;5;[0..4];optymalizowany;;rel 0.3;0.5;|ε| ≤ 2e-05, |φ| ≤ 0.005°; największy wachlarz: ε=[-2.0e-05, -2.0e-05, -2.0e-05, -2.0e-05, +2.0e-05], φ=[+0.0050, +0.0050, +0.0050, +0.0050, -0.0050]; kalibracja C0;tak;101;505;3;39
L 0,85 mm; odstępy wyjść [0,01, 0,04, 0,03, 0,01]°;5;[0..4];optymalizowany;;abs 0.1;0.5;|ε| ≤ 2e-05, |φ| ≤ 0.005°; największy wachlarz: ε=[-2.0e-05, -2.0e-05, -2.0e-05, -2.0e-05, +2.0e-05], φ=[+0.0050, +0.0050, +0.0050, +0.0050, -0.0050]; kalibracja C0;tak;99;495;3;37
L 0,85 mm; odstępy wyjść [0,01, 0,04, 0,03, 0,01]°;5;[0..4];optymalizowany;;abs 0.1;0.3;|ε| ≤ 2e-05, |φ| ≤ 0.005°; największy wachlarz: ε=[-2.0e-05, -2.0e-05, -2.0e-05, -2.0e-05, +2.0e-05], φ=[+0.0050, +0.0050, +0.0050, +0.0050, -0.0050]; kalibracja C0;tak;138;690;4;37
L 0,85 mm; odstępy wyjść [0,01, 0,04, 0,03, 0,01]°;5;[0..4];optymalizowany;;rel 0.5;0.3;|ε| ≤ 2e-05, |φ| ≤ 0.005°; największy wachlarz: ε=[-2.0e-05, -2.0e-05, -2.0e-05, -2.0e-05, +2.0e-05], φ=[+0.0050, +0.0050, +0.0050, +0.0050, -0.0050]; kalibracja C0;tak;138;690;4;39
L 0,85 mm; odstępy wyjść [0,01, 0,04, 0,03, 0,01]°;5;[0..4];optymalizowany;;abs 0.1;0.15;|ε| ≤ 2e-05, |φ| ≤ 0.005°; największy wachlarz: ε=[-2.0e-05, -2.0e-05, -2.0e-05, -2.0e-05, +2.0e-05], φ=[+0.0050, +0.0050, +0.0050, +0.0050, -0.0050]; kalibracja C0;tak;166;830;5;37
L 0,85 mm; odstępy wyjść [0,01, 0,04, 0,03, 0,01]°;5;[0..4];optymalizowany;;rel 0.5;0.5;|ε| ≤ 2e-05, |φ| ≤ 0.005°; najmniejsza transmisja portów: ε=[+2.0e-05, +2.0e-05, +2.0e-05, -1.0e-05, -2.0e-05], φ=[-0.0050, -0.0050, -0.0050, +0.0025, +0.0050]; kalibracja C1;NIE;134;670;4;40
L 0,85 mm; odstępy wyjść [0,01, 0,04, 0,03, 0,01]°;5;[0..4];optymalizowany;;rel 0.3;0.5;|ε| ≤ 2e-05, |φ| ≤ 0.005°; najmniejsza transmisja portów: ε=[+2.0e-05, +2.0e-05, +2.0e-05, -1.0e-05, -2.0e-05], φ=[-0.0050, -0.0050, -0.0050, +0.0025, +0.0050]; kalibracja C1;NIE;135;675;4;40
L 0,85 mm; odstępy wyjść [0,01, 0,04, 0,03, 0,01]°;5;[0..4];optymalizowany;;abs 0.1;0.5;|ε| ≤ 2e-05, |φ| ≤ 0.005°; najmniejsza transmisja portów: ε=[+2.0e-05, +2.0e-05, +2.0e-05, -1.0e-05, -2.0e-05], φ=[-0.0050, -0.0050, -0.0050, +0.0025, +0.0050]; kalibracja C1;NIE;0;0;0;0
L 0,85 mm; odstępy wyjść [0,01, 0,04, 0,03, 0,01]°;5;[0..4];optymalizowany;;abs 0.1;0.3;|ε| ≤ 2e-05, |φ| ≤ 0.005°; najmniejsza transmisja portów: ε=[+2.0e-05, +2.0e-05, +2.0e-05, -1.0e-05, -2.0e-05], φ=[-0.0050, -0.0050, -0.0050, +0.0025, +0.0050]; kalibracja C1;NIE;0;0;0;0
L 0,85 mm; odstępy wyjść [0,01, 0,04, 0,03, 0,01]°;5;[0..4];optymalizowany;;rel 0.5;0.3;|ε| ≤ 2e-05, |φ| ≤ 0.005°; najmniejsza transmisja portów: ε=[+2.0e-05, +2.0e-05, +2.0e-05, -1.0e-05, -2.0e-05], φ=[-0.0050, -0.0050, -0.0050, +0.0025, +0.0050]; kalibracja C1;NIE;174;870;5;40
L 0,85 mm; odstępy wyjść [0,01, 0,04, 0,03, 0,01]°;5;[0..4];optymalizowany;;abs 0.1;0.15;|ε| ≤ 2e-05, |φ| ≤ 0.005°; najmniejsza transmisja portów: ε=[+2.0e-05, +2.0e-05, +2.0e-05, -1.0e-05, -2.0e-05], φ=[-0.0050, -0.0050, -0.0050, +0.0025, +0.0050]; kalibracja C1;NIE;0;0;0;0
L 0,85 mm; odstępy wyjść [0,01, 0,04, 0,03, 0,01]°;5;[0..4];optymalizowany;;rel 0.5;0.5;|ε| ≤ 2e-05, |φ| ≤ 0.005°; najmniejsza transmisja portów: ε=[+2.0e-05, +2.0e-05, +2.0e-05, -1.0e-05, -2.0e-05], φ=[-0.0050, -0.0050, -0.0050, +0.0025, +0.0050]; kalibracja C0;NIE;134;670;4;40
L 0,85 mm; odstępy wyjść [0,01, 0,04, 0,03, 0,01]°;5;[0..4];optymalizowany;;rel 0.3;0.5;|ε| ≤ 2e-05, |φ| ≤ 0.005°; najmniejsza transmisja portów: ε=[+2.0e-05, +2.0e-05, +2.0e-05, -1.0e-05, -2.0e-05], φ=[-0.0050, -0.0050, -0.0050, +0.0025, +0.0050]; kalibracja C0;NIE;135;675;4;40
L 0,85 mm; odstępy wyjść [0,01, 0,04, 0,03, 0,01]°;5;[0..4];optymalizowany;;abs 0.1;0.5;|ε| ≤ 2e-05, |φ| ≤ 0.005°; najmniejsza transmisja portów: ε=[+2.0e-05, +2.0e-05, +2.0e-05, -1.0e-05, -2.0e-05], φ=[-0.0050, -0.0050, -0.0050, +0.0025, +0.0050]; kalibracja C0;NIE;0;0;0;0
L 0,85 mm; odstępy wyjść [0,01, 0,04, 0,03, 0,01]°;5;[0..4];optymalizowany;;abs 0.1;0.3;|ε| ≤ 2e-05, |φ| ≤ 0.005°; najmniejsza transmisja portów: ε=[+2.0e-05, +2.0e-05, +2.0e-05, -1.0e-05, -2.0e-05], φ=[-0.0050, -0.0050, -0.0050, +0.0025, +0.0050]; kalibracja C0;NIE;0;0;0;0
L 0,85 mm; odstępy wyjść [0,01, 0,04, 0,03, 0,01]°;5;[0..4];optymalizowany;;rel 0.5;0.3;|ε| ≤ 2e-05, |φ| ≤ 0.005°; najmniejsza transmisja portów: ε=[+2.0e-05, +2.0e-05, +2.0e-05, -1.0e-05, -2.0e-05], φ=[-0.0050, -0.0050, -0.0050, +0.0025, +0.0050]; kalibracja C0;NIE;174;870;5;40
L 0,85 mm; odstępy wyjść [0,01, 0,04, 0,03, 0,01]°;5;[0..4];optymalizowany;;abs 0.1;0.15;|ε| ≤ 2e-05, |φ| ≤ 0.005°; najmniejsza transmisja portów: ε=[+2.0e-05, +2.0e-05, +2.0e-05, -1.0e-05, -2.0e-05], φ=[-0.0050, -0.0050, -0.0050, +0.0025, +0.0050]; kalibracja C0;NIE;0;0;0;0
L 0,85 mm; odstępy wyjść [0,01, 0,04, 0,03, 0,01]°;5;[0..4];optymalizowany;;rel 0.5;0.5;|ε| ≤ 5e-05, |φ| ≤ 0.01°; największy wachlarz: ε=[-5.0e-05, -5.0e-05, -5.0e-05, -5.0e-05, +5.0e-05], φ=[+0.0100, +0.0100, +0.0100, +0.0100, -0.0100]; kalibracja C1;tak;90;450;3;39
L 0,85 mm; odstępy wyjść [0,01, 0,04, 0,03, 0,01]°;5;[0..4];optymalizowany;;rel 0.3;0.5;|ε| ≤ 5e-05, |φ| ≤ 0.01°; największy wachlarz: ε=[-5.0e-05, -5.0e-05, -5.0e-05, -5.0e-05, +5.0e-05], φ=[+0.0100, +0.0100, +0.0100, +0.0100, -0.0100]; kalibracja C1;tak;90;450;3;39
L 0,85 mm; odstępy wyjść [0,01, 0,04, 0,03, 0,01]°;5;[0..4];optymalizowany;;abs 0.1;0.5;|ε| ≤ 5e-05, |φ| ≤ 0.01°; największy wachlarz: ε=[-5.0e-05, -5.0e-05, -5.0e-05, -5.0e-05, +5.0e-05], φ=[+0.0100, +0.0100, +0.0100, +0.0100, -0.0100]; kalibracja C1;tak;90;450;3;38
L 0,85 mm; odstępy wyjść [0,01, 0,04, 0,03, 0,01]°;5;[0..4];optymalizowany;;abs 0.1;0.3;|ε| ≤ 5e-05, |φ| ≤ 0.01°; największy wachlarz: ε=[-5.0e-05, -5.0e-05, -5.0e-05, -5.0e-05, +5.0e-05], φ=[+0.0100, +0.0100, +0.0100, +0.0100, -0.0100]; kalibracja C1;tak;140;700;4;38
L 0,85 mm; odstępy wyjść [0,01, 0,04, 0,03, 0,01]°;5;[0..4];optymalizowany;;rel 0.5;0.3;|ε| ≤ 5e-05, |φ| ≤ 0.01°; największy wachlarz: ε=[-5.0e-05, -5.0e-05, -5.0e-05, -5.0e-05, +5.0e-05], φ=[+0.0100, +0.0100, +0.0100, +0.0100, -0.0100]; kalibracja C1;tak;134;670;4;39
L 0,85 mm; odstępy wyjść [0,01, 0,04, 0,03, 0,01]°;5;[0..4];optymalizowany;;abs 0.1;0.15;|ε| ≤ 5e-05, |φ| ≤ 0.01°; największy wachlarz: ε=[-5.0e-05, -5.0e-05, -5.0e-05, -5.0e-05, +5.0e-05], φ=[+0.0100, +0.0100, +0.0100, +0.0100, -0.0100]; kalibracja C1;tak;162;810;5;38
L 0,85 mm; odstępy wyjść [0,01, 0,04, 0,03, 0,01]°;5;[0..4];optymalizowany;;rel 0.5;0.5;|ε| ≤ 5e-05, |φ| ≤ 0.01°; największy wachlarz: ε=[-5.0e-05, -5.0e-05, -5.0e-05, -5.0e-05, +5.0e-05], φ=[+0.0100, +0.0100, +0.0100, +0.0100, -0.0100]; kalibracja C0;tak;92;460;3;38
L 0,85 mm; odstępy wyjść [0,01, 0,04, 0,03, 0,01]°;5;[0..4];optymalizowany;;rel 0.3;0.5;|ε| ≤ 5e-05, |φ| ≤ 0.01°; największy wachlarz: ε=[-5.0e-05, -5.0e-05, -5.0e-05, -5.0e-05, +5.0e-05], φ=[+0.0100, +0.0100, +0.0100, +0.0100, -0.0100]; kalibracja C0;tak;92;460;3;38
L 0,85 mm; odstępy wyjść [0,01, 0,04, 0,03, 0,01]°;5;[0..4];optymalizowany;;abs 0.1;0.5;|ε| ≤ 5e-05, |φ| ≤ 0.01°; największy wachlarz: ε=[-5.0e-05, -5.0e-05, -5.0e-05, -5.0e-05, +5.0e-05], φ=[+0.0100, +0.0100, +0.0100, +0.0100, -0.0100]; kalibracja C0;tak;92;460;3;38
L 0,85 mm; odstępy wyjść [0,01, 0,04, 0,03, 0,01]°;5;[0..4];optymalizowany;;abs 0.1;0.3;|ε| ≤ 5e-05, |φ| ≤ 0.01°; największy wachlarz: ε=[-5.0e-05, -5.0e-05, -5.0e-05, -5.0e-05, +5.0e-05], φ=[+0.0100, +0.0100, +0.0100, +0.0100, -0.0100]; kalibracja C0;tak;144;720;4;40
L 0,85 mm; odstępy wyjść [0,01, 0,04, 0,03, 0,01]°;5;[0..4];optymalizowany;;rel 0.5;0.3;|ε| ≤ 5e-05, |φ| ≤ 0.01°; największy wachlarz: ε=[-5.0e-05, -5.0e-05, -5.0e-05, -5.0e-05, +5.0e-05], φ=[+0.0100, +0.0100, +0.0100, +0.0100, -0.0100]; kalibracja C0;tak;134;670;4;39
L 0,85 mm; odstępy wyjść [0,01, 0,04, 0,03, 0,01]°;5;[0..4];optymalizowany;;abs 0.1;0.15;|ε| ≤ 5e-05, |φ| ≤ 0.01°; największy wachlarz: ε=[-5.0e-05, -5.0e-05, -5.0e-05, -5.0e-05, +5.0e-05], φ=[+0.0100, +0.0100, +0.0100, +0.0100, -0.0100]; kalibracja C0;tak;171;855;5;40
L 0,85 mm; odstępy wyjść [0,01, 0,04, 0,03, 0,01]°;5;[0..4];optymalizowany;;rel 0.5;0.5;|ε| ≤ 5e-05, |φ| ≤ 0.01°; najmniejsza transmisja portów: ε=[+5.0e-05, +5.0e-05, +0.0e+00, -2.5e-05, -5.0e-05], φ=[-0.0100, -0.0100, -0.0000, +0.0050, +0.0100]; kalibracja C1;NIE;180;900;6;40
L 0,85 mm; odstępy wyjść [0,01, 0,04, 0,03, 0,01]°;5;[0..4];optymalizowany;;rel 0.3;0.5;|ε| ≤ 5e-05, |φ| ≤ 0.01°; najmniejsza transmisja portów: ε=[+5.0e-05, +5.0e-05, +0.0e+00, -2.5e-05, -5.0e-05], φ=[-0.0100, -0.0100, -0.0000, +0.0050, +0.0100]; kalibracja C1;NIE;182;910;6;41
L 0,85 mm; odstępy wyjść [0,01, 0,04, 0,03, 0,01]°;5;[0..4];optymalizowany;;abs 0.1;0.5;|ε| ≤ 5e-05, |φ| ≤ 0.01°; najmniejsza transmisja portów: ε=[+5.0e-05, +5.0e-05, +0.0e+00, -2.5e-05, -5.0e-05], φ=[-0.0100, -0.0100, -0.0000, +0.0050, +0.0100]; kalibracja C1;NIE;0;0;0;0
L 0,85 mm; odstępy wyjść [0,01, 0,04, 0,03, 0,01]°;5;[0..4];optymalizowany;;abs 0.1;0.3;|ε| ≤ 5e-05, |φ| ≤ 0.01°; najmniejsza transmisja portów: ε=[+5.0e-05, +5.0e-05, +0.0e+00, -2.5e-05, -5.0e-05], φ=[-0.0100, -0.0100, -0.0000, +0.0050, +0.0100]; kalibracja C1;NIE;0;0;0;0
L 0,85 mm; odstępy wyjść [0,01, 0,04, 0,03, 0,01]°;5;[0..4];optymalizowany;;rel 0.5;0.3;|ε| ≤ 5e-05, |φ| ≤ 0.01°; najmniejsza transmisja portów: ε=[+5.0e-05, +5.0e-05, +0.0e+00, -2.5e-05, -5.0e-05], φ=[-0.0100, -0.0100, -0.0000, +0.0050, +0.0100]; kalibracja C1;NIE;244;1220;7;40
L 0,85 mm; odstępy wyjść [0,01, 0,04, 0,03, 0,01]°;5;[0..4];optymalizowany;;abs 0.1;0.15;|ε| ≤ 5e-05, |φ| ≤ 0.01°; najmniejsza transmisja portów: ε=[+5.0e-05, +5.0e-05, +0.0e+00, -2.5e-05, -5.0e-05], φ=[-0.0100, -0.0100, -0.0000, +0.0050, +0.0100]; kalibracja C1;NIE;0;0;0;0
L 0,85 mm; odstępy wyjść [0,01, 0,04, 0,03, 0,01]°;5;[0..4];optymalizowany;;rel 0.5;0.5;|ε| ≤ 5e-05, |φ| ≤ 0.01°; najmniejsza transmisja portów: ε=[+5.0e-05, +5.0e-05, +0.0e+00, -2.5e-05, -5.0e-05], φ=[-0.0100, -0.0100, -0.0000, +0.0050, +0.0100]; kalibracja C0;NIE;175;875;6;40
L 0,85 mm; odstępy wyjść [0,01, 0,04, 0,03, 0,01]°;5;[0..4];optymalizowany;;rel 0.3;0.5;|ε| ≤ 5e-05, |φ| ≤ 0.01°; najmniejsza transmisja portów: ε=[+5.0e-05, +5.0e-05, +0.0e+00, -2.5e-05, -5.0e-05], φ=[-0.0100, -0.0100, -0.0000, +0.0050, +0.0100]; kalibracja C0;NIE;176;880;6;41
L 0,85 mm; odstępy wyjść [0,01, 0,04, 0,03, 0,01]°;5;[0..4];optymalizowany;;abs 0.1;0.5;|ε| ≤ 5e-05, |φ| ≤ 0.01°; najmniejsza transmisja portów: ε=[+5.0e-05, +5.0e-05, +0.0e+00, -2.5e-05, -5.0e-05], φ=[-0.0100, -0.0100, -0.0000, +0.0050, +0.0100]; kalibracja C0;NIE;0;0;0;0
L 0,85 mm; odstępy wyjść [0,01, 0,04, 0,03, 0,01]°;5;[0..4];optymalizowany;;abs 0.1;0.3;|ε| ≤ 5e-05, |φ| ≤ 0.01°; najmniejsza transmisja portów: ε=[+5.0e-05, +5.0e-05, +0.0e+00, -2.5e-05, -5.0e-05], φ=[-0.0100, -0.0100, -0.0000, +0.0050, +0.0100]; kalibracja C0;NIE;0;0;0;0
L 0,85 mm; odstępy wyjść [0,01, 0,04, 0,03, 0,01]°;5;[0..4];optymalizowany;;rel 0.5;0.3;|ε| ≤ 5e-05, |φ| ≤ 0.01°; najmniejsza transmisja portów: ε=[+5.0e-05, +5.0e-05, +0.0e+00, -2.5e-05, -5.0e-05], φ=[-0.0100, -0.0100, -0.0000, +0.0050, +0.0100]; kalibracja C0;NIE;240;1200;7;40
L 0,85 mm; odstępy wyjść [0,01, 0,04, 0,03, 0,01]°;5;[0..4];optymalizowany;;abs 0.1;0.15;|ε| ≤ 5e-05, |φ| ≤ 0.01°; najmniejsza transmisja portów: ε=[+5.0e-05, +5.0e-05, +0.0e+00, -2.5e-05, -5.0e-05], φ=[-0.0100, -0.0100, -0.0000, +0.0050, +0.0100]; kalibracja C0;NIE;0;0;0;0
L 0,85 mm; odstępy wyjść [0,04, 0,04, 0,04, 0,04]°;5;[0..4];optymalizowany;;rel 0.5;0.5;|ε| ≤ 1e-05, |φ| ≤ 0.002°; największy wachlarz: ε=[-1.0e-05, -1.0e-05, -1.0e-05, -1.0e-05, +1.0e-05], φ=[+0.0020, +0.0020, +0.0020, +0.0020, -0.0020]; kalibracja C1;tak;85;425;3;38
L 0,85 mm; odstępy wyjść [0,04, 0,04, 0,04, 0,04]°;5;[0..4];optymalizowany;;rel 0.3;0.5;|ε| ≤ 1e-05, |φ| ≤ 0.002°; największy wachlarz: ε=[-1.0e-05, -1.0e-05, -1.0e-05, -1.0e-05, +1.0e-05], φ=[+0.0020, +0.0020, +0.0020, +0.0020, -0.0020]; kalibracja C1;tak;85;425;3;38
L 0,85 mm; odstępy wyjść [0,04, 0,04, 0,04, 0,04]°;5;[0..4];optymalizowany;;abs 0.1;0.5;|ε| ≤ 1e-05, |φ| ≤ 0.002°; największy wachlarz: ε=[-1.0e-05, -1.0e-05, -1.0e-05, -1.0e-05, +1.0e-05], φ=[+0.0020, +0.0020, +0.0020, +0.0020, -0.0020]; kalibracja C1;tak;85;425;3;38
L 0,85 mm; odstępy wyjść [0,04, 0,04, 0,04, 0,04]°;5;[0..4];optymalizowany;;abs 0.1;0.3;|ε| ≤ 1e-05, |φ| ≤ 0.002°; największy wachlarz: ε=[-1.0e-05, -1.0e-05, -1.0e-05, -1.0e-05, +1.0e-05], φ=[+0.0020, +0.0020, +0.0020, +0.0020, -0.0020]; kalibracja C1;tak;150;750;4;43
L 0,85 mm; odstępy wyjść [0,04, 0,04, 0,04, 0,04]°;5;[0..4];optymalizowany;;rel 0.5;0.3;|ε| ≤ 1e-05, |φ| ≤ 0.002°; największy wachlarz: ε=[-1.0e-05, -1.0e-05, -1.0e-05, -1.0e-05, +1.0e-05], φ=[+0.0020, +0.0020, +0.0020, +0.0020, -0.0020]; kalibracja C1;tak;130;650;4;39
L 0,85 mm; odstępy wyjść [0,04, 0,04, 0,04, 0,04]°;5;[0..4];optymalizowany;;abs 0.1;0.15;|ε| ≤ 1e-05, |φ| ≤ 0.002°; największy wachlarz: ε=[-1.0e-05, -1.0e-05, -1.0e-05, -1.0e-05, +1.0e-05], φ=[+0.0020, +0.0020, +0.0020, +0.0020, -0.0020]; kalibracja C1;tak;164;820;4;43
L 0,85 mm; odstępy wyjść [0,04, 0,04, 0,04, 0,04]°;5;[0..4];optymalizowany;;rel 0.5;0.5;|ε| ≤ 1e-05, |φ| ≤ 0.002°; największy wachlarz: ε=[-1.0e-05, -1.0e-05, -1.0e-05, -1.0e-05, +1.0e-05], φ=[+0.0020, +0.0020, +0.0020, +0.0020, -0.0020]; kalibracja C0;tak;86;430;3;38
L 0,85 mm; odstępy wyjść [0,04, 0,04, 0,04, 0,04]°;5;[0..4];optymalizowany;;rel 0.3;0.5;|ε| ≤ 1e-05, |φ| ≤ 0.002°; największy wachlarz: ε=[-1.0e-05, -1.0e-05, -1.0e-05, -1.0e-05, +1.0e-05], φ=[+0.0020, +0.0020, +0.0020, +0.0020, -0.0020]; kalibracja C0;tak;86;430;3;38
L 0,85 mm; odstępy wyjść [0,04, 0,04, 0,04, 0,04]°;5;[0..4];optymalizowany;;abs 0.1;0.5;|ε| ≤ 1e-05, |φ| ≤ 0.002°; największy wachlarz: ε=[-1.0e-05, -1.0e-05, -1.0e-05, -1.0e-05, +1.0e-05], φ=[+0.0020, +0.0020, +0.0020, +0.0020, -0.0020]; kalibracja C0;tak;86;430;3;38
L 0,85 mm; odstępy wyjść [0,04, 0,04, 0,04, 0,04]°;5;[0..4];optymalizowany;;abs 0.1;0.3;|ε| ≤ 1e-05, |φ| ≤ 0.002°; największy wachlarz: ε=[-1.0e-05, -1.0e-05, -1.0e-05, -1.0e-05, +1.0e-05], φ=[+0.0020, +0.0020, +0.0020, +0.0020, -0.0020]; kalibracja C0;tak;150;750;4;44
L 0,85 mm; odstępy wyjść [0,04, 0,04, 0,04, 0,04]°;5;[0..4];optymalizowany;;rel 0.5;0.3;|ε| ≤ 1e-05, |φ| ≤ 0.002°; największy wachlarz: ε=[-1.0e-05, -1.0e-05, -1.0e-05, -1.0e-05, +1.0e-05], φ=[+0.0020, +0.0020, +0.0020, +0.0020, -0.0020]; kalibracja C0;tak;132;660;4;39
L 0,85 mm; odstępy wyjść [0,04, 0,04, 0,04, 0,04]°;5;[0..4];optymalizowany;;abs 0.1;0.15;|ε| ≤ 1e-05, |φ| ≤ 0.002°; największy wachlarz: ε=[-1.0e-05, -1.0e-05, -1.0e-05, -1.0e-05, +1.0e-05], φ=[+0.0020, +0.0020, +0.0020, +0.0020, -0.0020]; kalibracja C0;tak;166;830;4;44
L 0,85 mm; odstępy wyjść [0,04, 0,04, 0,04, 0,04]°;5;[0..4];optymalizowany;;rel 0.5;0.5;|ε| ≤ 1e-05, |φ| ≤ 0.002°; najmniejsza transmisja portów: ε=[+1.0e-05, +1.0e-05, -1.0e-05, -1.0e-05, -1.0e-05], φ=[-0.0020, -0.0020, +0.0020, +0.0020, +0.0020]; kalibracja C1;tak;94;470;3;39
L 0,85 mm; odstępy wyjść [0,04, 0,04, 0,04, 0,04]°;5;[0..4];optymalizowany;;rel 0.3;0.5;|ε| ≤ 1e-05, |φ| ≤ 0.002°; najmniejsza transmisja portów: ε=[+1.0e-05, +1.0e-05, -1.0e-05, -1.0e-05, -1.0e-05], φ=[-0.0020, -0.0020, +0.0020, +0.0020, +0.0020]; kalibracja C1;tak;94;470;3;39
L 0,85 mm; odstępy wyjść [0,04, 0,04, 0,04, 0,04]°;5;[0..4];optymalizowany;;abs 0.1;0.5;|ε| ≤ 1e-05, |φ| ≤ 0.002°; najmniejsza transmisja portów: ε=[+1.0e-05, +1.0e-05, -1.0e-05, -1.0e-05, -1.0e-05], φ=[-0.0020, -0.0020, +0.0020, +0.0020, +0.0020]; kalibracja C1;tak;91;455;3;35
L 0,85 mm; odstępy wyjść [0,04, 0,04, 0,04, 0,04]°;5;[0..4];optymalizowany;;abs 0.1;0.3;|ε| ≤ 1e-05, |φ| ≤ 0.002°; najmniejsza transmisja portów: ε=[+1.0e-05, +1.0e-05, -1.0e-05, -1.0e-05, -1.0e-05], φ=[-0.0020, -0.0020, +0.0020, +0.0020, +0.0020]; kalibracja C1;tak;132;660;4;35
L 0,85 mm; odstępy wyjść [0,04, 0,04, 0,04, 0,04]°;5;[0..4];optymalizowany;;rel 0.5;0.3;|ε| ≤ 1e-05, |φ| ≤ 0.002°; najmniejsza transmisja portów: ε=[+1.0e-05, +1.0e-05, -1.0e-05, -1.0e-05, -1.0e-05], φ=[-0.0020, -0.0020, +0.0020, +0.0020, +0.0020]; kalibracja C1;tak;136;680;4;39
L 0,85 mm; odstępy wyjść [0,04, 0,04, 0,04, 0,04]°;5;[0..4];optymalizowany;;abs 0.1;0.15;|ε| ≤ 1e-05, |φ| ≤ 0.002°; najmniejsza transmisja portów: ε=[+1.0e-05, +1.0e-05, -1.0e-05, -1.0e-05, -1.0e-05], φ=[-0.0020, -0.0020, +0.0020, +0.0020, +0.0020]; kalibracja C1;tak;160;800;5;35
L 0,85 mm; odstępy wyjść [0,04, 0,04, 0,04, 0,04]°;5;[0..4];optymalizowany;;rel 0.5;0.5;|ε| ≤ 1e-05, |φ| ≤ 0.002°; najmniejsza transmisja portów: ε=[+1.0e-05, +1.0e-05, -1.0e-05, -1.0e-05, -1.0e-05], φ=[-0.0020, -0.0020, +0.0020, +0.0020, +0.0020]; kalibracja C0;tak;94;470;3;39
L 0,85 mm; odstępy wyjść [0,04, 0,04, 0,04, 0,04]°;5;[0..4];optymalizowany;;rel 0.3;0.5;|ε| ≤ 1e-05, |φ| ≤ 0.002°; najmniejsza transmisja portów: ε=[+1.0e-05, +1.0e-05, -1.0e-05, -1.0e-05, -1.0e-05], φ=[-0.0020, -0.0020, +0.0020, +0.0020, +0.0020]; kalibracja C0;tak;94;470;3;39
L 0,85 mm; odstępy wyjść [0,04, 0,04, 0,04, 0,04]°;5;[0..4];optymalizowany;;abs 0.1;0.5;|ε| ≤ 1e-05, |φ| ≤ 0.002°; najmniejsza transmisja portów: ε=[+1.0e-05, +1.0e-05, -1.0e-05, -1.0e-05, -1.0e-05], φ=[-0.0020, -0.0020, +0.0020, +0.0020, +0.0020]; kalibracja C0;tak;91;455;3;35
L 0,85 mm; odstępy wyjść [0,04, 0,04, 0,04, 0,04]°;5;[0..4];optymalizowany;;abs 0.1;0.3;|ε| ≤ 1e-05, |φ| ≤ 0.002°; najmniejsza transmisja portów: ε=[+1.0e-05, +1.0e-05, -1.0e-05, -1.0e-05, -1.0e-05], φ=[-0.0020, -0.0020, +0.0020, +0.0020, +0.0020]; kalibracja C0;tak;132;660;4;35
L 0,85 mm; odstępy wyjść [0,04, 0,04, 0,04, 0,04]°;5;[0..4];optymalizowany;;rel 0.5;0.3;|ε| ≤ 1e-05, |φ| ≤ 0.002°; najmniejsza transmisja portów: ε=[+1.0e-05, +1.0e-05, -1.0e-05, -1.0e-05, -1.0e-05], φ=[-0.0020, -0.0020, +0.0020, +0.0020, +0.0020]; kalibracja C0;tak;134;670;4;39
L 0,85 mm; odstępy wyjść [0,04, 0,04, 0,04, 0,04]°;5;[0..4];optymalizowany;;abs 0.1;0.15;|ε| ≤ 1e-05, |φ| ≤ 0.002°; najmniejsza transmisja portów: ε=[+1.0e-05, +1.0e-05, -1.0e-05, -1.0e-05, -1.0e-05], φ=[-0.0020, -0.0020, +0.0020, +0.0020, +0.0020]; kalibracja C0;tak;163;815;5;35
L 0,85 mm; odstępy wyjść [0,04, 0,04, 0,04, 0,04]°;5;[0..4];optymalizowany;;rel 0.5;0.5;|ε| ≤ 2e-05, |φ| ≤ 0.005°; największy wachlarz: ε=[-2.0e-05, -2.0e-05, -2.0e-05, -2.0e-05, +2.0e-05], φ=[+0.0050, +0.0050, +0.0050, +0.0050, -0.0050]; kalibracja C1;tak;77;385;3;38
L 0,85 mm; odstępy wyjść [0,04, 0,04, 0,04, 0,04]°;5;[0..4];optymalizowany;;rel 0.3;0.5;|ε| ≤ 2e-05, |φ| ≤ 0.005°; największy wachlarz: ε=[-2.0e-05, -2.0e-05, -2.0e-05, -2.0e-05, +2.0e-05], φ=[+0.0050, +0.0050, +0.0050, +0.0050, -0.0050]; kalibracja C1;tak;77;385;3;38
L 0,85 mm; odstępy wyjść [0,04, 0,04, 0,04, 0,04]°;5;[0..4];optymalizowany;;abs 0.1;0.5;|ε| ≤ 2e-05, |φ| ≤ 0.005°; największy wachlarz: ε=[-2.0e-05, -2.0e-05, -2.0e-05, -2.0e-05, +2.0e-05], φ=[+0.0050, +0.0050, +0.0050, +0.0050, -0.0050]; kalibracja C1;tak;77;385;3;38
L 0,85 mm; odstępy wyjść [0,04, 0,04, 0,04, 0,04]°;5;[0..4];optymalizowany;;abs 0.1;0.3;|ε| ≤ 2e-05, |φ| ≤ 0.005°; największy wachlarz: ε=[-2.0e-05, -2.0e-05, -2.0e-05, -2.0e-05, +2.0e-05], φ=[+0.0050, +0.0050, +0.0050, +0.0050, -0.0050]; kalibracja C1;tak;144;720;4;44
L 0,85 mm; odstępy wyjść [0,04, 0,04, 0,04, 0,04]°;5;[0..4];optymalizowany;;rel 0.5;0.3;|ε| ≤ 2e-05, |φ| ≤ 0.005°; największy wachlarz: ε=[-2.0e-05, -2.0e-05, -2.0e-05, -2.0e-05, +2.0e-05], φ=[+0.0050, +0.0050, +0.0050, +0.0050, -0.0050]; kalibracja C1;tak;122;610;4;38
L 0,85 mm; odstępy wyjść [0,04, 0,04, 0,04, 0,04]°;5;[0..4];optymalizowany;;abs 0.1;0.15;|ε| ≤ 2e-05, |φ| ≤ 0.005°; największy wachlarz: ε=[-2.0e-05, -2.0e-05, -2.0e-05, -2.0e-05, +2.0e-05], φ=[+0.0050, +0.0050, +0.0050, +0.0050, -0.0050]; kalibracja C1;tak;164;820;4;44
L 0,85 mm; odstępy wyjść [0,04, 0,04, 0,04, 0,04]°;5;[0..4];optymalizowany;;rel 0.5;0.5;|ε| ≤ 2e-05, |φ| ≤ 0.005°; największy wachlarz: ε=[-2.0e-05, -2.0e-05, -2.0e-05, -2.0e-05, +2.0e-05], φ=[+0.0050, +0.0050, +0.0050, +0.0050, -0.0050]; kalibracja C0;tak;77;385;3;38
L 0,85 mm; odstępy wyjść [0,04, 0,04, 0,04, 0,04]°;5;[0..4];optymalizowany;;rel 0.3;0.5;|ε| ≤ 2e-05, |φ| ≤ 0.005°; największy wachlarz: ε=[-2.0e-05, -2.0e-05, -2.0e-05, -2.0e-05, +2.0e-05], φ=[+0.0050, +0.0050, +0.0050, +0.0050, -0.0050]; kalibracja C0;tak;77;385;3;38
L 0,85 mm; odstępy wyjść [0,04, 0,04, 0,04, 0,04]°;5;[0..4];optymalizowany;;abs 0.1;0.5;|ε| ≤ 2e-05, |φ| ≤ 0.005°; największy wachlarz: ε=[-2.0e-05, -2.0e-05, -2.0e-05, -2.0e-05, +2.0e-05], φ=[+0.0050, +0.0050, +0.0050, +0.0050, -0.0050]; kalibracja C0;tak;77;385;3;38
L 0,85 mm; odstępy wyjść [0,04, 0,04, 0,04, 0,04]°;5;[0..4];optymalizowany;;abs 0.1;0.3;|ε| ≤ 2e-05, |φ| ≤ 0.005°; największy wachlarz: ε=[-2.0e-05, -2.0e-05, -2.0e-05, -2.0e-05, +2.0e-05], φ=[+0.0050, +0.0050, +0.0050, +0.0050, -0.0050]; kalibracja C0;tak;144;720;4;44
L 0,85 mm; odstępy wyjść [0,04, 0,04, 0,04, 0,04]°;5;[0..4];optymalizowany;;rel 0.5;0.3;|ε| ≤ 2e-05, |φ| ≤ 0.005°; największy wachlarz: ε=[-2.0e-05, -2.0e-05, -2.0e-05, -2.0e-05, +2.0e-05], φ=[+0.0050, +0.0050, +0.0050, +0.0050, -0.0050]; kalibracja C0;tak;122;610;4;39
L 0,85 mm; odstępy wyjść [0,04, 0,04, 0,04, 0,04]°;5;[0..4];optymalizowany;;abs 0.1;0.15;|ε| ≤ 2e-05, |φ| ≤ 0.005°; największy wachlarz: ε=[-2.0e-05, -2.0e-05, -2.0e-05, -2.0e-05, +2.0e-05], φ=[+0.0050, +0.0050, +0.0050, +0.0050, -0.0050]; kalibracja C0;tak;166;830;4;44
L 0,85 mm; odstępy wyjść [0,04, 0,04, 0,04, 0,04]°;5;[0..4];optymalizowany;;rel 0.5;0.5;|ε| ≤ 2e-05, |φ| ≤ 0.005°; najmniejsza transmisja portów: ε=[+2.0e-05, +2.0e-05, +2.0e-05, -2.0e-05, -2.0e-05], φ=[-0.0050, -0.0050, -0.0050, +0.0050, +0.0050]; kalibracja C1;tak;92;460;3;39
L 0,85 mm; odstępy wyjść [0,04, 0,04, 0,04, 0,04]°;5;[0..4];optymalizowany;;rel 0.3;0.5;|ε| ≤ 2e-05, |φ| ≤ 0.005°; najmniejsza transmisja portów: ε=[+2.0e-05, +2.0e-05, +2.0e-05, -2.0e-05, -2.0e-05], φ=[-0.0050, -0.0050, -0.0050, +0.0050, +0.0050]; kalibracja C1;tak;92;460;3;39
L 0,85 mm; odstępy wyjść [0,04, 0,04, 0,04, 0,04]°;5;[0..4];optymalizowany;;abs 0.1;0.5;|ε| ≤ 2e-05, |φ| ≤ 0.005°; najmniejsza transmisja portów: ε=[+2.0e-05, +2.0e-05, +2.0e-05, -2.0e-05, -2.0e-05], φ=[-0.0050, -0.0050, -0.0050, +0.0050, +0.0050]; kalibracja C1;tak;45;225;3;18
L 0,85 mm; odstępy wyjść [0,04, 0,04, 0,04, 0,04]°;5;[0..4];optymalizowany;;abs 0.1;0.3;|ε| ≤ 2e-05, |φ| ≤ 0.005°; najmniejsza transmisja portów: ε=[+2.0e-05, +2.0e-05, +2.0e-05, -2.0e-05, -2.0e-05], φ=[-0.0050, -0.0050, -0.0050, +0.0050, +0.0050]; kalibracja C1;tak;60;300;4;18
L 0,85 mm; odstępy wyjść [0,04, 0,04, 0,04, 0,04]°;5;[0..4];optymalizowany;;rel 0.5;0.3;|ε| ≤ 2e-05, |φ| ≤ 0.005°; najmniejsza transmisja portów: ε=[+2.0e-05, +2.0e-05, +2.0e-05, -2.0e-05, -2.0e-05], φ=[-0.0050, -0.0050, -0.0050, +0.0050, +0.0050]; kalibracja C1;tak;138;690;4;39
L 0,85 mm; odstępy wyjść [0,04, 0,04, 0,04, 0,04]°;5;[0..4];optymalizowany;;abs 0.1;0.15;|ε| ≤ 2e-05, |φ| ≤ 0.005°; najmniejsza transmisja portów: ε=[+2.0e-05, +2.0e-05, +2.0e-05, -2.0e-05, -2.0e-05], φ=[-0.0050, -0.0050, -0.0050, +0.0050, +0.0050]; kalibracja C1;tak;68;340;5;18
L 0,85 mm; odstępy wyjść [0,04, 0,04, 0,04, 0,04]°;5;[0..4];optymalizowany;;rel 0.5;0.5;|ε| ≤ 2e-05, |φ| ≤ 0.005°; najmniejsza transmisja portów: ε=[+2.0e-05, +2.0e-05, +2.0e-05, -2.0e-05, -2.0e-05], φ=[-0.0050, -0.0050, -0.0050, +0.0050, +0.0050]; kalibracja C0;tak;91;455;3;39
L 0,85 mm; odstępy wyjść [0,04, 0,04, 0,04, 0,04]°;5;[0..4];optymalizowany;;rel 0.3;0.5;|ε| ≤ 2e-05, |φ| ≤ 0.005°; najmniejsza transmisja portów: ε=[+2.0e-05, +2.0e-05, +2.0e-05, -2.0e-05, -2.0e-05], φ=[-0.0050, -0.0050, -0.0050, +0.0050, +0.0050]; kalibracja C0;tak;91;455;3;39
L 0,85 mm; odstępy wyjść [0,04, 0,04, 0,04, 0,04]°;5;[0..4];optymalizowany;;abs 0.1;0.5;|ε| ≤ 2e-05, |φ| ≤ 0.005°; najmniejsza transmisja portów: ε=[+2.0e-05, +2.0e-05, +2.0e-05, -2.0e-05, -2.0e-05], φ=[-0.0050, -0.0050, -0.0050, +0.0050, +0.0050]; kalibracja C0;tak;45;225;3;18
L 0,85 mm; odstępy wyjść [0,04, 0,04, 0,04, 0,04]°;5;[0..4];optymalizowany;;abs 0.1;0.3;|ε| ≤ 2e-05, |φ| ≤ 0.005°; najmniejsza transmisja portów: ε=[+2.0e-05, +2.0e-05, +2.0e-05, -2.0e-05, -2.0e-05], φ=[-0.0050, -0.0050, -0.0050, +0.0050, +0.0050]; kalibracja C0;tak;60;300;4;18
L 0,85 mm; odstępy wyjść [0,04, 0,04, 0,04, 0,04]°;5;[0..4];optymalizowany;;rel 0.5;0.3;|ε| ≤ 2e-05, |φ| ≤ 0.005°; najmniejsza transmisja portów: ε=[+2.0e-05, +2.0e-05, +2.0e-05, -2.0e-05, -2.0e-05], φ=[-0.0050, -0.0050, -0.0050, +0.0050, +0.0050]; kalibracja C0;tak;138;690;4;39
L 0,85 mm; odstępy wyjść [0,04, 0,04, 0,04, 0,04]°;5;[0..4];optymalizowany;;abs 0.1;0.15;|ε| ≤ 2e-05, |φ| ≤ 0.005°; najmniejsza transmisja portów: ε=[+2.0e-05, +2.0e-05, +2.0e-05, -2.0e-05, -2.0e-05], φ=[-0.0050, -0.0050, -0.0050, +0.0050, +0.0050]; kalibracja C0;tak;68;340;5;18
L 0,85 mm; odstępy wyjść [0,04, 0,04, 0,04, 0,04]°;5;[0..4];optymalizowany;;rel 0.5;0.5;|ε| ≤ 5e-05, |φ| ≤ 0.01°; największy wachlarz: ε=[-5.0e-05, -5.0e-05, -5.0e-05, -5.0e-05, +5.0e-05], φ=[+0.0100, +0.0100, +0.0100, +0.0100, -0.0100]; kalibracja C1;tak;64;320;3;37
L 0,85 mm; odstępy wyjść [0,04, 0,04, 0,04, 0,04]°;5;[0..4];optymalizowany;;rel 0.3;0.5;|ε| ≤ 5e-05, |φ| ≤ 0.01°; największy wachlarz: ε=[-5.0e-05, -5.0e-05, -5.0e-05, -5.0e-05, +5.0e-05], φ=[+0.0100, +0.0100, +0.0100, +0.0100, -0.0100]; kalibracja C1;tak;64;320;3;37
L 0,85 mm; odstępy wyjść [0,04, 0,04, 0,04, 0,04]°;5;[0..4];optymalizowany;;abs 0.1;0.5;|ε| ≤ 5e-05, |φ| ≤ 0.01°; największy wachlarz: ε=[-5.0e-05, -5.0e-05, -5.0e-05, -5.0e-05, +5.0e-05], φ=[+0.0100, +0.0100, +0.0100, +0.0100, -0.0100]; kalibracja C1;tak;64;320;3;37
L 0,85 mm; odstępy wyjść [0,04, 0,04, 0,04, 0,04]°;5;[0..4];optymalizowany;;abs 0.1;0.3;|ε| ≤ 5e-05, |φ| ≤ 0.01°; największy wachlarz: ε=[-5.0e-05, -5.0e-05, -5.0e-05, -5.0e-05, +5.0e-05], φ=[+0.0100, +0.0100, +0.0100, +0.0100, -0.0100]; kalibracja C1;tak;128;640;3;44
L 0,85 mm; odstępy wyjść [0,04, 0,04, 0,04, 0,04]°;5;[0..4];optymalizowany;;rel 0.5;0.3;|ε| ≤ 5e-05, |φ| ≤ 0.01°; największy wachlarz: ε=[-5.0e-05, -5.0e-05, -5.0e-05, -5.0e-05, +5.0e-05], φ=[+0.0100, +0.0100, +0.0100, +0.0100, -0.0100]; kalibracja C1;tak;102;510;3;38
L 0,85 mm; odstępy wyjść [0,04, 0,04, 0,04, 0,04]°;5;[0..4];optymalizowany;;abs 0.1;0.15;|ε| ≤ 5e-05, |φ| ≤ 0.01°; największy wachlarz: ε=[-5.0e-05, -5.0e-05, -5.0e-05, -5.0e-05, +5.0e-05], φ=[+0.0100, +0.0100, +0.0100, +0.0100, -0.0100]; kalibracja C1;tak;166;830;4;44
L 0,85 mm; odstępy wyjść [0,04, 0,04, 0,04, 0,04]°;5;[0..4];optymalizowany;;rel 0.5;0.5;|ε| ≤ 5e-05, |φ| ≤ 0.01°; największy wachlarz: ε=[-5.0e-05, -5.0e-05, -5.0e-05, -5.0e-05, +5.0e-05], φ=[+0.0100, +0.0100, +0.0100, +0.0100, -0.0100]; kalibracja C0;tak;67;335;3;37
L 0,85 mm; odstępy wyjść [0,04, 0,04, 0,04, 0,04]°;5;[0..4];optymalizowany;;rel 0.3;0.5;|ε| ≤ 5e-05, |φ| ≤ 0.01°; największy wachlarz: ε=[-5.0e-05, -5.0e-05, -5.0e-05, -5.0e-05, +5.0e-05], φ=[+0.0100, +0.0100, +0.0100, +0.0100, -0.0100]; kalibracja C0;tak;67;335;3;37
L 0,85 mm; odstępy wyjść [0,04, 0,04, 0,04, 0,04]°;5;[0..4];optymalizowany;;abs 0.1;0.5;|ε| ≤ 5e-05, |φ| ≤ 0.01°; największy wachlarz: ε=[-5.0e-05, -5.0e-05, -5.0e-05, -5.0e-05, +5.0e-05], φ=[+0.0100, +0.0100, +0.0100, +0.0100, -0.0100]; kalibracja C0;tak;67;335;3;37
L 0,85 mm; odstępy wyjść [0,04, 0,04, 0,04, 0,04]°;5;[0..4];optymalizowany;;abs 0.1;0.3;|ε| ≤ 5e-05, |φ| ≤ 0.01°; największy wachlarz: ε=[-5.0e-05, -5.0e-05, -5.0e-05, -5.0e-05, +5.0e-05], φ=[+0.0100, +0.0100, +0.0100, +0.0100, -0.0100]; kalibracja C0;tak;131;655;4;45
L 0,85 mm; odstępy wyjść [0,04, 0,04, 0,04, 0,04]°;5;[0..4];optymalizowany;;rel 0.5;0.3;|ε| ≤ 5e-05, |φ| ≤ 0.01°; największy wachlarz: ε=[-5.0e-05, -5.0e-05, -5.0e-05, -5.0e-05, +5.0e-05], φ=[+0.0100, +0.0100, +0.0100, +0.0100, -0.0100]; kalibracja C0;tak;102;510;4;38
L 0,85 mm; odstępy wyjść [0,04, 0,04, 0,04, 0,04]°;5;[0..4];optymalizowany;;abs 0.1;0.15;|ε| ≤ 5e-05, |φ| ≤ 0.01°; największy wachlarz: ε=[-5.0e-05, -5.0e-05, -5.0e-05, -5.0e-05, +5.0e-05], φ=[+0.0100, +0.0100, +0.0100, +0.0100, -0.0100]; kalibracja C0;tak;170;850;4;45
L 0,85 mm; odstępy wyjść [0,04, 0,04, 0,04, 0,04]°;5;[0..4];optymalizowany;;rel 0.5;0.5;|ε| ≤ 5e-05, |φ| ≤ 0.01°; najmniejsza transmisja portów: ε=[+5.0e-05, +5.0e-05, +0.0e+00, -5.0e-05, -5.0e-05], φ=[-0.0100, -0.0100, -0.0000, +0.0100, +0.0100]; kalibracja C1;NIE;85;425;3;40
L 0,85 mm; odstępy wyjść [0,04, 0,04, 0,04, 0,04]°;5;[0..4];optymalizowany;;rel 0.3;0.5;|ε| ≤ 5e-05, |φ| ≤ 0.01°; najmniejsza transmisja portów: ε=[+5.0e-05, +5.0e-05, +0.0e+00, -5.0e-05, -5.0e-05], φ=[-0.0100, -0.0100, -0.0000, +0.0100, +0.0100]; kalibracja C1;NIE;85;425;3;40
L 0,85 mm; odstępy wyjść [0,04, 0,04, 0,04, 0,04]°;5;[0..4];optymalizowany;;abs 0.1;0.5;|ε| ≤ 5e-05, |φ| ≤ 0.01°; najmniejsza transmisja portów: ε=[+5.0e-05, +5.0e-05, +0.0e+00, -5.0e-05, -5.0e-05], φ=[-0.0100, -0.0100, -0.0000, +0.0100, +0.0100]; kalibracja C1;NIE;0;0;0;0
L 0,85 mm; odstępy wyjść [0,04, 0,04, 0,04, 0,04]°;5;[0..4];optymalizowany;;abs 0.1;0.3;|ε| ≤ 5e-05, |φ| ≤ 0.01°; najmniejsza transmisja portów: ε=[+5.0e-05, +5.0e-05, +0.0e+00, -5.0e-05, -5.0e-05], φ=[-0.0100, -0.0100, -0.0000, +0.0100, +0.0100]; kalibracja C1;NIE;0;0;0;0
L 0,85 mm; odstępy wyjść [0,04, 0,04, 0,04, 0,04]°;5;[0..4];optymalizowany;;rel 0.5;0.3;|ε| ≤ 5e-05, |φ| ≤ 0.01°; najmniejsza transmisja portów: ε=[+5.0e-05, +5.0e-05, +0.0e+00, -5.0e-05, -5.0e-05], φ=[-0.0100, -0.0100, -0.0000, +0.0100, +0.0100]; kalibracja C1;NIE;119;595;4;40
L 0,85 mm; odstępy wyjść [0,04, 0,04, 0,04, 0,04]°;5;[0..4];optymalizowany;;abs 0.1;0.15;|ε| ≤ 5e-05, |φ| ≤ 0.01°; najmniejsza transmisja portów: ε=[+5.0e-05, +5.0e-05, +0.0e+00, -5.0e-05, -5.0e-05], φ=[-0.0100, -0.0100, -0.0000, +0.0100, +0.0100]; kalibracja C1;NIE;0;0;0;0
L 0,85 mm; odstępy wyjść [0,04, 0,04, 0,04, 0,04]°;5;[0..4];optymalizowany;;rel 0.5;0.5;|ε| ≤ 5e-05, |φ| ≤ 0.01°; najmniejsza transmisja portów: ε=[+5.0e-05, +5.0e-05, +0.0e+00, -5.0e-05, -5.0e-05], φ=[-0.0100, -0.0100, -0.0000, +0.0100, +0.0100]; kalibracja C0;NIE;77;385;3;40
L 0,85 mm; odstępy wyjść [0,04, 0,04, 0,04, 0,04]°;5;[0..4];optymalizowany;;rel 0.3;0.5;|ε| ≤ 5e-05, |φ| ≤ 0.01°; najmniejsza transmisja portów: ε=[+5.0e-05, +5.0e-05, +0.0e+00, -5.0e-05, -5.0e-05], φ=[-0.0100, -0.0100, -0.0000, +0.0100, +0.0100]; kalibracja C0;NIE;77;385;3;40
L 0,85 mm; odstępy wyjść [0,04, 0,04, 0,04, 0,04]°;5;[0..4];optymalizowany;;abs 0.1;0.5;|ε| ≤ 5e-05, |φ| ≤ 0.01°; najmniejsza transmisja portów: ε=[+5.0e-05, +5.0e-05, +0.0e+00, -5.0e-05, -5.0e-05], φ=[-0.0100, -0.0100, -0.0000, +0.0100, +0.0100]; kalibracja C0;NIE;0;0;0;0
L 0,85 mm; odstępy wyjść [0,04, 0,04, 0,04, 0,04]°;5;[0..4];optymalizowany;;abs 0.1;0.3;|ε| ≤ 5e-05, |φ| ≤ 0.01°; najmniejsza transmisja portów: ε=[+5.0e-05, +5.0e-05, +0.0e+00, -5.0e-05, -5.0e-05], φ=[-0.0100, -0.0100, -0.0000, +0.0100, +0.0100]; kalibracja C0;NIE;0;0;0;0
L 0,85 mm; odstępy wyjść [0,04, 0,04, 0,04, 0,04]°;5;[0..4];optymalizowany;;rel 0.5;0.3;|ε| ≤ 5e-05, |φ| ≤ 0.01°; najmniejsza transmisja portów: ε=[+5.0e-05, +5.0e-05, +0.0e+00, -5.0e-05, -5.0e-05], φ=[-0.0100, -0.0100, -0.0000, +0.0100, +0.0100]; kalibracja C0;NIE;108;540;4;40
L 0,85 mm; odstępy wyjść [0,04, 0,04, 0,04, 0,04]°;5;[0..4];optymalizowany;;abs 0.1;0.15;|ε| ≤ 5e-05, |φ| ≤ 0.01°; najmniejsza transmisja portów: ε=[+5.0e-05, +5.0e-05, +0.0e+00, -5.0e-05, -5.0e-05], φ=[-0.0100, -0.0100, -0.0000, +0.0100, +0.0100]; kalibracja C0;NIE;0;0;0;0
L 0,85 mm; odstępy wyjść [0,03, 0,03, 0,03, 0,03]°;5;[0..4];optymalizowany;;rel 0.5;0.5;|ε| ≤ 1e-05, |φ| ≤ 0.002°; największy wachlarz: ε=[-1.0e-05, -1.0e-05, -1.0e-05, -1.0e-05, +1.0e-05], φ=[+0.0020, +0.0020, +0.0020, +0.0020, -0.0020]; kalibracja C1;tak;97;485;3;39
L 0,85 mm; odstępy wyjść [0,03, 0,03, 0,03, 0,03]°;5;[0..4];optymalizowany;;rel 0.3;0.5;|ε| ≤ 1e-05, |φ| ≤ 0.002°; największy wachlarz: ε=[-1.0e-05, -1.0e-05, -1.0e-05, -1.0e-05, +1.0e-05], φ=[+0.0020, +0.0020, +0.0020, +0.0020, -0.0020]; kalibracja C1;tak;97;485;3;39
L 0,85 mm; odstępy wyjść [0,03, 0,03, 0,03, 0,03]°;5;[0..4];optymalizowany;;abs 0.1;0.5;|ε| ≤ 1e-05, |φ| ≤ 0.002°; największy wachlarz: ε=[-1.0e-05, -1.0e-05, -1.0e-05, -1.0e-05, +1.0e-05], φ=[+0.0020, +0.0020, +0.0020, +0.0020, -0.0020]; kalibracja C1;tak;95;475;3;36
L 0,85 mm; odstępy wyjść [0,03, 0,03, 0,03, 0,03]°;5;[0..4];optymalizowany;;abs 0.1;0.3;|ε| ≤ 1e-05, |φ| ≤ 0.002°; największy wachlarz: ε=[-1.0e-05, -1.0e-05, -1.0e-05, -1.0e-05, +1.0e-05], φ=[+0.0020, +0.0020, +0.0020, +0.0020, -0.0020]; kalibracja C1;tak;132;660;4;36
L 0,85 mm; odstępy wyjść [0,03, 0,03, 0,03, 0,03]°;5;[0..4];optymalizowany;;rel 0.5;0.3;|ε| ≤ 1e-05, |φ| ≤ 0.002°; największy wachlarz: ε=[-1.0e-05, -1.0e-05, -1.0e-05, -1.0e-05, +1.0e-05], φ=[+0.0020, +0.0020, +0.0020, +0.0020, -0.0020]; kalibracja C1;tak;138;690;4;39
L 0,85 mm; odstępy wyjść [0,03, 0,03, 0,03, 0,03]°;5;[0..4];optymalizowany;;abs 0.1;0.15;|ε| ≤ 1e-05, |φ| ≤ 0.002°; największy wachlarz: ε=[-1.0e-05, -1.0e-05, -1.0e-05, -1.0e-05, +1.0e-05], φ=[+0.0020, +0.0020, +0.0020, +0.0020, -0.0020]; kalibracja C1;tak;162;810;5;36
L 0,85 mm; odstępy wyjść [0,03, 0,03, 0,03, 0,03]°;5;[0..4];optymalizowany;;rel 0.5;0.5;|ε| ≤ 1e-05, |φ| ≤ 0.002°; największy wachlarz: ε=[-1.0e-05, -1.0e-05, -1.0e-05, -1.0e-05, +1.0e-05], φ=[+0.0020, +0.0020, +0.0020, +0.0020, -0.0020]; kalibracja C0;tak;97;485;3;39
L 0,85 mm; odstępy wyjść [0,03, 0,03, 0,03, 0,03]°;5;[0..4];optymalizowany;;rel 0.3;0.5;|ε| ≤ 1e-05, |φ| ≤ 0.002°; największy wachlarz: ε=[-1.0e-05, -1.0e-05, -1.0e-05, -1.0e-05, +1.0e-05], φ=[+0.0020, +0.0020, +0.0020, +0.0020, -0.0020]; kalibracja C0;tak;97;485;3;39
L 0,85 mm; odstępy wyjść [0,03, 0,03, 0,03, 0,03]°;5;[0..4];optymalizowany;;abs 0.1;0.5;|ε| ≤ 1e-05, |φ| ≤ 0.002°; największy wachlarz: ε=[-1.0e-05, -1.0e-05, -1.0e-05, -1.0e-05, +1.0e-05], φ=[+0.0020, +0.0020, +0.0020, +0.0020, -0.0020]; kalibracja C0;tak;95;475;3;36
L 0,85 mm; odstępy wyjść [0,03, 0,03, 0,03, 0,03]°;5;[0..4];optymalizowany;;abs 0.1;0.3;|ε| ≤ 1e-05, |φ| ≤ 0.002°; największy wachlarz: ε=[-1.0e-05, -1.0e-05, -1.0e-05, -1.0e-05, +1.0e-05], φ=[+0.0020, +0.0020, +0.0020, +0.0020, -0.0020]; kalibracja C0;tak;134;670;4;36
L 0,85 mm; odstępy wyjść [0,03, 0,03, 0,03, 0,03]°;5;[0..4];optymalizowany;;rel 0.5;0.3;|ε| ≤ 1e-05, |φ| ≤ 0.002°; największy wachlarz: ε=[-1.0e-05, -1.0e-05, -1.0e-05, -1.0e-05, +1.0e-05], φ=[+0.0020, +0.0020, +0.0020, +0.0020, -0.0020]; kalibracja C0;tak;138;690;4;39
L 0,85 mm; odstępy wyjść [0,03, 0,03, 0,03, 0,03]°;5;[0..4];optymalizowany;;abs 0.1;0.15;|ε| ≤ 1e-05, |φ| ≤ 0.002°; największy wachlarz: ε=[-1.0e-05, -1.0e-05, -1.0e-05, -1.0e-05, +1.0e-05], φ=[+0.0020, +0.0020, +0.0020, +0.0020, -0.0020]; kalibracja C0;tak;164;820;5;36
L 0,85 mm; odstępy wyjść [0,03, 0,03, 0,03, 0,03]°;5;[0..4];optymalizowany;;rel 0.5;0.5;|ε| ≤ 1e-05, |φ| ≤ 0.002°; najmniejsza transmisja portów: ε=[+1.0e-05, +1.0e-05, +1.0e-05, -1.0e-05, -1.0e-05], φ=[-0.0020, -0.0020, -0.0020, +0.0020, +0.0020]; kalibracja C1;tak;91;455;3;39
L 0,85 mm; odstępy wyjść [0,03, 0,03, 0,03, 0,03]°;5;[0..4];optymalizowany;;rel 0.3;0.5;|ε| ≤ 1e-05, |φ| ≤ 0.002°; najmniejsza transmisja portów: ε=[+1.0e-05, +1.0e-05, +1.0e-05, -1.0e-05, -1.0e-05], φ=[-0.0020, -0.0020, -0.0020, +0.0020, +0.0020]; kalibracja C1;tak;91;455;3;40
L 0,85 mm; odstępy wyjść [0,03, 0,03, 0,03, 0,03]°;5;[0..4];optymalizowany;;abs 0.1;0.5;|ε| ≤ 1e-05, |φ| ≤ 0.002°; najmniejsza transmisja portów: ε=[+1.0e-05, +1.0e-05, +1.0e-05, -1.0e-05, -1.0e-05], φ=[-0.0020, -0.0020, -0.0020, +0.0020, +0.0020]; kalibracja C1;tak;46;230;3;18
L 0,85 mm; odstępy wyjść [0,03, 0,03, 0,03, 0,03]°;5;[0..4];optymalizowany;;abs 0.1;0.3;|ε| ≤ 1e-05, |φ| ≤ 0.002°; najmniejsza transmisja portów: ε=[+1.0e-05, +1.0e-05, +1.0e-05, -1.0e-05, -1.0e-05], φ=[-0.0020, -0.0020, -0.0020, +0.0020, +0.0020]; kalibracja C1;tak;60;300;4;18
L 0,85 mm; odstępy wyjść [0,03, 0,03, 0,03, 0,03]°;5;[0..4];optymalizowany;;rel 0.5;0.3;|ε| ≤ 1e-05, |φ| ≤ 0.002°; najmniejsza transmisja portów: ε=[+1.0e-05, +1.0e-05, +1.0e-05, -1.0e-05, -1.0e-05], φ=[-0.0020, -0.0020, -0.0020, +0.0020, +0.0020]; kalibracja C1;tak;136;680;4;40
L 0,85 mm; odstępy wyjść [0,03, 0,03, 0,03, 0,03]°;5;[0..4];optymalizowany;;abs 0.1;0.15;|ε| ≤ 1e-05, |φ| ≤ 0.002°; najmniejsza transmisja portów: ε=[+1.0e-05, +1.0e-05, +1.0e-05, -1.0e-05, -1.0e-05], φ=[-0.0020, -0.0020, -0.0020, +0.0020, +0.0020]; kalibracja C1;tak;68;340;5;18
L 0,85 mm; odstępy wyjść [0,03, 0,03, 0,03, 0,03]°;5;[0..4];optymalizowany;;rel 0.5;0.5;|ε| ≤ 1e-05, |φ| ≤ 0.002°; najmniejsza transmisja portów: ε=[+1.0e-05, +1.0e-05, +1.0e-05, -1.0e-05, -1.0e-05], φ=[-0.0020, -0.0020, -0.0020, +0.0020, +0.0020]; kalibracja C0;tak;88;440;3;39
L 0,85 mm; odstępy wyjść [0,03, 0,03, 0,03, 0,03]°;5;[0..4];optymalizowany;;rel 0.3;0.5;|ε| ≤ 1e-05, |φ| ≤ 0.002°; najmniejsza transmisja portów: ε=[+1.0e-05, +1.0e-05, +1.0e-05, -1.0e-05, -1.0e-05], φ=[-0.0020, -0.0020, -0.0020, +0.0020, +0.0020]; kalibracja C0;tak;88;440;3;40
L 0,85 mm; odstępy wyjść [0,03, 0,03, 0,03, 0,03]°;5;[0..4];optymalizowany;;abs 0.1;0.5;|ε| ≤ 1e-05, |φ| ≤ 0.002°; najmniejsza transmisja portów: ε=[+1.0e-05, +1.0e-05, +1.0e-05, -1.0e-05, -1.0e-05], φ=[-0.0020, -0.0020, -0.0020, +0.0020, +0.0020]; kalibracja C0;tak;48;240;3;19
L 0,85 mm; odstępy wyjść [0,03, 0,03, 0,03, 0,03]°;5;[0..4];optymalizowany;;abs 0.1;0.3;|ε| ≤ 1e-05, |φ| ≤ 0.002°; najmniejsza transmisja portów: ε=[+1.0e-05, +1.0e-05, +1.0e-05, -1.0e-05, -1.0e-05], φ=[-0.0020, -0.0020, -0.0020, +0.0020, +0.0020]; kalibracja C0;tak;64;320;4;19
L 0,85 mm; odstępy wyjść [0,03, 0,03, 0,03, 0,03]°;5;[0..4];optymalizowany;;rel 0.5;0.3;|ε| ≤ 1e-05, |φ| ≤ 0.002°; najmniejsza transmisja portów: ε=[+1.0e-05, +1.0e-05, +1.0e-05, -1.0e-05, -1.0e-05], φ=[-0.0020, -0.0020, -0.0020, +0.0020, +0.0020]; kalibracja C0;tak;136;680;4;40
L 0,85 mm; odstępy wyjść [0,03, 0,03, 0,03, 0,03]°;5;[0..4];optymalizowany;;abs 0.1;0.15;|ε| ≤ 1e-05, |φ| ≤ 0.002°; najmniejsza transmisja portów: ε=[+1.0e-05, +1.0e-05, +1.0e-05, -1.0e-05, -1.0e-05], φ=[-0.0020, -0.0020, -0.0020, +0.0020, +0.0020]; kalibracja C0;tak;73;365;5;19
L 0,85 mm; odstępy wyjść [0,03, 0,03, 0,03, 0,03]°;5;[0..4];optymalizowany;;rel 0.5;0.5;|ε| ≤ 2e-05, |φ| ≤ 0.005°; największy wachlarz: ε=[-2.0e-05, -2.0e-05, -2.0e-05, -2.0e-05, +2.0e-05], φ=[+0.0050, +0.0050, +0.0050, +0.0050, -0.0050]; kalibracja C1;tak;92;460;3;39
L 0,85 mm; odstępy wyjść [0,03, 0,03, 0,03, 0,03]°;5;[0..4];optymalizowany;;rel 0.3;0.5;|ε| ≤ 2e-05, |φ| ≤ 0.005°; największy wachlarz: ε=[-2.0e-05, -2.0e-05, -2.0e-05, -2.0e-05, +2.0e-05], φ=[+0.0050, +0.0050, +0.0050, +0.0050, -0.0050]; kalibracja C1;tak;92;460;3;39
L 0,85 mm; odstępy wyjść [0,03, 0,03, 0,03, 0,03]°;5;[0..4];optymalizowany;;abs 0.1;0.5;|ε| ≤ 2e-05, |φ| ≤ 0.005°; największy wachlarz: ε=[-2.0e-05, -2.0e-05, -2.0e-05, -2.0e-05, +2.0e-05], φ=[+0.0050, +0.0050, +0.0050, +0.0050, -0.0050]; kalibracja C1;tak;91;455;3;36
L 0,85 mm; odstępy wyjść [0,03, 0,03, 0,03, 0,03]°;5;[0..4];optymalizowany;;abs 0.1;0.3;|ε| ≤ 2e-05, |φ| ≤ 0.005°; największy wachlarz: ε=[-2.0e-05, -2.0e-05, -2.0e-05, -2.0e-05, +2.0e-05], φ=[+0.0050, +0.0050, +0.0050, +0.0050, -0.0050]; kalibracja C1;tak;136;680;4;36
L 0,85 mm; odstępy wyjść [0,03, 0,03, 0,03, 0,03]°;5;[0..4];optymalizowany;;rel 0.5;0.3;|ε| ≤ 2e-05, |φ| ≤ 0.005°; największy wachlarz: ε=[-2.0e-05, -2.0e-05, -2.0e-05, -2.0e-05, +2.0e-05], φ=[+0.0050, +0.0050, +0.0050, +0.0050, -0.0050]; kalibracja C1;tak;134;670;4;39
L 0,85 mm; odstępy wyjść [0,03, 0,03, 0,03, 0,03]°;5;[0..4];optymalizowany;;abs 0.1;0.15;|ε| ≤ 2e-05, |φ| ≤ 0.005°; największy wachlarz: ε=[-2.0e-05, -2.0e-05, -2.0e-05, -2.0e-05, +2.0e-05], φ=[+0.0050, +0.0050, +0.0050, +0.0050, -0.0050]; kalibracja C1;tak;162;810;5;36
L 0,85 mm; odstępy wyjść [0,03, 0,03, 0,03, 0,03]°;5;[0..4];optymalizowany;;rel 0.5;0.5;|ε| ≤ 2e-05, |φ| ≤ 0.005°; największy wachlarz: ε=[-2.0e-05, -2.0e-05, -2.0e-05, -2.0e-05, +2.0e-05], φ=[+0.0050, +0.0050, +0.0050, +0.0050, -0.0050]; kalibracja C0;tak;93;465;3;39
L 0,85 mm; odstępy wyjść [0,03, 0,03, 0,03, 0,03]°;5;[0..4];optymalizowany;;rel 0.3;0.5;|ε| ≤ 2e-05, |φ| ≤ 0.005°; największy wachlarz: ε=[-2.0e-05, -2.0e-05, -2.0e-05, -2.0e-05, +2.0e-05], φ=[+0.0050, +0.0050, +0.0050, +0.0050, -0.0050]; kalibracja C0;tak;93;465;3;39
L 0,85 mm; odstępy wyjść [0,03, 0,03, 0,03, 0,03]°;5;[0..4];optymalizowany;;abs 0.1;0.5;|ε| ≤ 2e-05, |φ| ≤ 0.005°; największy wachlarz: ε=[-2.0e-05, -2.0e-05, -2.0e-05, -2.0e-05, +2.0e-05], φ=[+0.0050, +0.0050, +0.0050, +0.0050, -0.0050]; kalibracja C0;tak;91;455;3;36
L 0,85 mm; odstępy wyjść [0,03, 0,03, 0,03, 0,03]°;5;[0..4];optymalizowany;;abs 0.1;0.3;|ε| ≤ 2e-05, |φ| ≤ 0.005°; największy wachlarz: ε=[-2.0e-05, -2.0e-05, -2.0e-05, -2.0e-05, +2.0e-05], φ=[+0.0050, +0.0050, +0.0050, +0.0050, -0.0050]; kalibracja C0;tak;134;670;4;36
L 0,85 mm; odstępy wyjść [0,03, 0,03, 0,03, 0,03]°;5;[0..4];optymalizowany;;rel 0.5;0.3;|ε| ≤ 2e-05, |φ| ≤ 0.005°; największy wachlarz: ε=[-2.0e-05, -2.0e-05, -2.0e-05, -2.0e-05, +2.0e-05], φ=[+0.0050, +0.0050, +0.0050, +0.0050, -0.0050]; kalibracja C0;tak;134;670;4;39
L 0,85 mm; odstępy wyjść [0,03, 0,03, 0,03, 0,03]°;5;[0..4];optymalizowany;;abs 0.1;0.15;|ε| ≤ 2e-05, |φ| ≤ 0.005°; największy wachlarz: ε=[-2.0e-05, -2.0e-05, -2.0e-05, -2.0e-05, +2.0e-05], φ=[+0.0050, +0.0050, +0.0050, +0.0050, -0.0050]; kalibracja C0;tak;162;810;5;36
L 0,85 mm; odstępy wyjść [0,03, 0,03, 0,03, 0,03]°;5;[0..4];optymalizowany;;rel 0.5;0.5;|ε| ≤ 2e-05, |φ| ≤ 0.005°; najmniejsza transmisja portów: ε=[+2.0e-05, +2.0e-05, +2.0e-05, -2.0e-05, -2.0e-05], φ=[-0.0050, -0.0050, -0.0050, +0.0050, +0.0050]; kalibracja C1;NIE;81;405;3;40
L 0,85 mm; odstępy wyjść [0,03, 0,03, 0,03, 0,03]°;5;[0..4];optymalizowany;;rel 0.3;0.5;|ε| ≤ 2e-05, |φ| ≤ 0.005°; najmniejsza transmisja portów: ε=[+2.0e-05, +2.0e-05, +2.0e-05, -2.0e-05, -2.0e-05], φ=[-0.0050, -0.0050, -0.0050, +0.0050, +0.0050]; kalibracja C1;NIE;81;405;3;40
L 0,85 mm; odstępy wyjść [0,03, 0,03, 0,03, 0,03]°;5;[0..4];optymalizowany;;abs 0.1;0.5;|ε| ≤ 2e-05, |φ| ≤ 0.005°; najmniejsza transmisja portów: ε=[+2.0e-05, +2.0e-05, +2.0e-05, -2.0e-05, -2.0e-05], φ=[-0.0050, -0.0050, -0.0050, +0.0050, +0.0050]; kalibracja C1;NIE;0;0;0;0
L 0,85 mm; odstępy wyjść [0,03, 0,03, 0,03, 0,03]°;5;[0..4];optymalizowany;;abs 0.1;0.3;|ε| ≤ 2e-05, |φ| ≤ 0.005°; najmniejsza transmisja portów: ε=[+2.0e-05, +2.0e-05, +2.0e-05, -2.0e-05, -2.0e-05], φ=[-0.0050, -0.0050, -0.0050, +0.0050, +0.0050]; kalibracja C1;NIE;0;0;0;0
L 0,85 mm; odstępy wyjść [0,03, 0,03, 0,03, 0,03]°;5;[0..4];optymalizowany;;rel 0.5;0.3;|ε| ≤ 2e-05, |φ| ≤ 0.005°; najmniejsza transmisja portów: ε=[+2.0e-05, +2.0e-05, +2.0e-05, -2.0e-05, -2.0e-05], φ=[-0.0050, -0.0050, -0.0050, +0.0050, +0.0050]; kalibracja C1;NIE;138;690;4;40
L 0,85 mm; odstępy wyjść [0,03, 0,03, 0,03, 0,03]°;5;[0..4];optymalizowany;;abs 0.1;0.15;|ε| ≤ 2e-05, |φ| ≤ 0.005°; najmniejsza transmisja portów: ε=[+2.0e-05, +2.0e-05, +2.0e-05, -2.0e-05, -2.0e-05], φ=[-0.0050, -0.0050, -0.0050, +0.0050, +0.0050]; kalibracja C1;NIE;0;0;0;0
L 0,85 mm; odstępy wyjść [0,03, 0,03, 0,03, 0,03]°;5;[0..4];optymalizowany;;rel 0.5;0.5;|ε| ≤ 2e-05, |φ| ≤ 0.005°; najmniejsza transmisja portów: ε=[+2.0e-05, +2.0e-05, +2.0e-05, -2.0e-05, -2.0e-05], φ=[-0.0050, -0.0050, -0.0050, +0.0050, +0.0050]; kalibracja C0;NIE;82;410;3;40
L 0,85 mm; odstępy wyjść [0,03, 0,03, 0,03, 0,03]°;5;[0..4];optymalizowany;;rel 0.3;0.5;|ε| ≤ 2e-05, |φ| ≤ 0.005°; najmniejsza transmisja portów: ε=[+2.0e-05, +2.0e-05, +2.0e-05, -2.0e-05, -2.0e-05], φ=[-0.0050, -0.0050, -0.0050, +0.0050, +0.0050]; kalibracja C0;NIE;82;410;3;40
L 0,85 mm; odstępy wyjść [0,03, 0,03, 0,03, 0,03]°;5;[0..4];optymalizowany;;abs 0.1;0.5;|ε| ≤ 2e-05, |φ| ≤ 0.005°; najmniejsza transmisja portów: ε=[+2.0e-05, +2.0e-05, +2.0e-05, -2.0e-05, -2.0e-05], φ=[-0.0050, -0.0050, -0.0050, +0.0050, +0.0050]; kalibracja C0;NIE;0;0;0;0
L 0,85 mm; odstępy wyjść [0,03, 0,03, 0,03, 0,03]°;5;[0..4];optymalizowany;;abs 0.1;0.3;|ε| ≤ 2e-05, |φ| ≤ 0.005°; najmniejsza transmisja portów: ε=[+2.0e-05, +2.0e-05, +2.0e-05, -2.0e-05, -2.0e-05], φ=[-0.0050, -0.0050, -0.0050, +0.0050, +0.0050]; kalibracja C0;NIE;0;0;0;0
L 0,85 mm; odstępy wyjść [0,03, 0,03, 0,03, 0,03]°;5;[0..4];optymalizowany;;rel 0.5;0.3;|ε| ≤ 2e-05, |φ| ≤ 0.005°; najmniejsza transmisja portów: ε=[+2.0e-05, +2.0e-05, +2.0e-05, -2.0e-05, -2.0e-05], φ=[-0.0050, -0.0050, -0.0050, +0.0050, +0.0050]; kalibracja C0;NIE;138;690;4;40
L 0,85 mm; odstępy wyjść [0,03, 0,03, 0,03, 0,03]°;5;[0..4];optymalizowany;;abs 0.1;0.15;|ε| ≤ 2e-05, |φ| ≤ 0.005°; najmniejsza transmisja portów: ε=[+2.0e-05, +2.0e-05, +2.0e-05, -2.0e-05, -2.0e-05], φ=[-0.0050, -0.0050, -0.0050, +0.0050, +0.0050]; kalibracja C0;NIE;0;0;0;0
L 0,85 mm; odstępy wyjść [0,03, 0,03, 0,03, 0,03]°;5;[0..4];optymalizowany;;rel 0.5;0.5;|ε| ≤ 5e-05, |φ| ≤ 0.01°; największy wachlarz: ε=[-5.0e-05, -5.0e-05, -5.0e-05, -5.0e-05, +5.0e-05], φ=[+0.0100, +0.0100, +0.0100, +0.0100, -0.0100]; kalibracja C1;tak;85;425;3;38
L 0,85 mm; odstępy wyjść [0,03, 0,03, 0,03, 0,03]°;5;[0..4];optymalizowany;;rel 0.3;0.5;|ε| ≤ 5e-05, |φ| ≤ 0.01°; największy wachlarz: ε=[-5.0e-05, -5.0e-05, -5.0e-05, -5.0e-05, +5.0e-05], φ=[+0.0100, +0.0100, +0.0100, +0.0100, -0.0100]; kalibracja C1;tak;85;425;3;38
L 0,85 mm; odstępy wyjść [0,03, 0,03, 0,03, 0,03]°;5;[0..4];optymalizowany;;abs 0.1;0.5;|ε| ≤ 5e-05, |φ| ≤ 0.01°; największy wachlarz: ε=[-5.0e-05, -5.0e-05, -5.0e-05, -5.0e-05, +5.0e-05], φ=[+0.0100, +0.0100, +0.0100, +0.0100, -0.0100]; kalibracja C1;tak;85;425;3;37
L 0,85 mm; odstępy wyjść [0,03, 0,03, 0,03, 0,03]°;5;[0..4];optymalizowany;;abs 0.1;0.3;|ε| ≤ 5e-05, |φ| ≤ 0.01°; największy wachlarz: ε=[-5.0e-05, -5.0e-05, -5.0e-05, -5.0e-05, +5.0e-05], φ=[+0.0100, +0.0100, +0.0100, +0.0100, -0.0100]; kalibracja C1;tak;134;670;4;37
L 0,85 mm; odstępy wyjść [0,03, 0,03, 0,03, 0,03]°;5;[0..4];optymalizowany;;rel 0.5;0.3;|ε| ≤ 5e-05, |φ| ≤ 0.01°; największy wachlarz: ε=[-5.0e-05, -5.0e-05, -5.0e-05, -5.0e-05, +5.0e-05], φ=[+0.0100, +0.0100, +0.0100, +0.0100, -0.0100]; kalibracja C1;tak;134;670;4;39
L 0,85 mm; odstępy wyjść [0,03, 0,03, 0,03, 0,03]°;5;[0..4];optymalizowany;;abs 0.1;0.15;|ε| ≤ 5e-05, |φ| ≤ 0.01°; największy wachlarz: ε=[-5.0e-05, -5.0e-05, -5.0e-05, -5.0e-05, +5.0e-05], φ=[+0.0100, +0.0100, +0.0100, +0.0100, -0.0100]; kalibracja C1;tak;142;710;4;37
L 0,85 mm; odstępy wyjść [0,03, 0,03, 0,03, 0,03]°;5;[0..4];optymalizowany;;rel 0.5;0.5;|ε| ≤ 5e-05, |φ| ≤ 0.01°; największy wachlarz: ε=[-5.0e-05, -5.0e-05, -5.0e-05, -5.0e-05, +5.0e-05], φ=[+0.0100, +0.0100, +0.0100, +0.0100, -0.0100]; kalibracja C0;tak;81;405;3;38
L 0,85 mm; odstępy wyjść [0,03, 0,03, 0,03, 0,03]°;5;[0..4];optymalizowany;;rel 0.3;0.5;|ε| ≤ 5e-05, |φ| ≤ 0.01°; największy wachlarz: ε=[-5.0e-05, -5.0e-05, -5.0e-05, -5.0e-05, +5.0e-05], φ=[+0.0100, +0.0100, +0.0100, +0.0100, -0.0100]; kalibracja C0;tak;81;405;3;38
L 0,85 mm; odstępy wyjść [0,03, 0,03, 0,03, 0,03]°;5;[0..4];optymalizowany;;abs 0.1;0.5;|ε| ≤ 5e-05, |φ| ≤ 0.01°; największy wachlarz: ε=[-5.0e-05, -5.0e-05, -5.0e-05, -5.0e-05, +5.0e-05], φ=[+0.0100, +0.0100, +0.0100, +0.0100, -0.0100]; kalibracja C0;tak;81;405;3;38
L 0,85 mm; odstępy wyjść [0,03, 0,03, 0,03, 0,03]°;5;[0..4];optymalizowany;;abs 0.1;0.3;|ε| ≤ 5e-05, |φ| ≤ 0.01°; największy wachlarz: ε=[-5.0e-05, -5.0e-05, -5.0e-05, -5.0e-05, +5.0e-05], φ=[+0.0100, +0.0100, +0.0100, +0.0100, -0.0100]; kalibracja C0;tak;140;700;4;39
L 0,85 mm; odstępy wyjść [0,03, 0,03, 0,03, 0,03]°;5;[0..4];optymalizowany;;rel 0.5;0.3;|ε| ≤ 5e-05, |φ| ≤ 0.01°; największy wachlarz: ε=[-5.0e-05, -5.0e-05, -5.0e-05, -5.0e-05, +5.0e-05], φ=[+0.0100, +0.0100, +0.0100, +0.0100, -0.0100]; kalibracja C0;tak;134;670;4;39
L 0,85 mm; odstępy wyjść [0,03, 0,03, 0,03, 0,03]°;5;[0..4];optymalizowany;;abs 0.1;0.15;|ε| ≤ 5e-05, |φ| ≤ 0.01°; największy wachlarz: ε=[-5.0e-05, -5.0e-05, -5.0e-05, -5.0e-05, +5.0e-05], φ=[+0.0100, +0.0100, +0.0100, +0.0100, -0.0100]; kalibracja C0;tak;148;740;4;39
L 0,85 mm; odstępy wyjść [0,03, 0,03, 0,03, 0,03]°;5;[0..4];optymalizowany;;rel 0.5;0.5;|ε| ≤ 5e-05, |φ| ≤ 0.01°; najmniejsza transmisja portów: ε=[+5.0e-05, +5.0e-05, +5.0e-05, +0.0e+00, -5.0e-05], φ=[-0.0100, -0.0100, -0.0100, -0.0000, +0.0100]; kalibracja C1;NIE;151;755;5;40
L 0,85 mm; odstępy wyjść [0,03, 0,03, 0,03, 0,03]°;5;[0..4];optymalizowany;;rel 0.3;0.5;|ε| ≤ 5e-05, |φ| ≤ 0.01°; najmniejsza transmisja portów: ε=[+5.0e-05, +5.0e-05, +5.0e-05, +0.0e+00, -5.0e-05], φ=[-0.0100, -0.0100, -0.0100, -0.0000, +0.0100]; kalibracja C1;NIE;151;755;5;40
L 0,85 mm; odstępy wyjść [0,03, 0,03, 0,03, 0,03]°;5;[0..4];optymalizowany;;abs 0.1;0.5;|ε| ≤ 5e-05, |φ| ≤ 0.01°; najmniejsza transmisja portów: ε=[+5.0e-05, +5.0e-05, +5.0e-05, +0.0e+00, -5.0e-05], φ=[-0.0100, -0.0100, -0.0100, -0.0000, +0.0100]; kalibracja C1;NIE;0;0;0;0
L 0,85 mm; odstępy wyjść [0,03, 0,03, 0,03, 0,03]°;5;[0..4];optymalizowany;;abs 0.1;0.3;|ε| ≤ 5e-05, |φ| ≤ 0.01°; najmniejsza transmisja portów: ε=[+5.0e-05, +5.0e-05, +5.0e-05, +0.0e+00, -5.0e-05], φ=[-0.0100, -0.0100, -0.0100, -0.0000, +0.0100]; kalibracja C1;NIE;0;0;0;0
L 0,85 mm; odstępy wyjść [0,03, 0,03, 0,03, 0,03]°;5;[0..4];optymalizowany;;rel 0.5;0.3;|ε| ≤ 5e-05, |φ| ≤ 0.01°; najmniejsza transmisja portów: ε=[+5.0e-05, +5.0e-05, +5.0e-05, +0.0e+00, -5.0e-05], φ=[-0.0100, -0.0100, -0.0100, -0.0000, +0.0100]; kalibracja C1;NIE;206;1030;6;40
L 0,85 mm; odstępy wyjść [0,03, 0,03, 0,03, 0,03]°;5;[0..4];optymalizowany;;abs 0.1;0.15;|ε| ≤ 5e-05, |φ| ≤ 0.01°; najmniejsza transmisja portów: ε=[+5.0e-05, +5.0e-05, +5.0e-05, +0.0e+00, -5.0e-05], φ=[-0.0100, -0.0100, -0.0100, -0.0000, +0.0100]; kalibracja C1;NIE;0;0;0;0
L 0,85 mm; odstępy wyjść [0,03, 0,03, 0,03, 0,03]°;5;[0..4];optymalizowany;;rel 0.5;0.5;|ε| ≤ 5e-05, |φ| ≤ 0.01°; najmniejsza transmisja portów: ε=[+5.0e-05, +5.0e-05, +5.0e-05, +0.0e+00, -5.0e-05], φ=[-0.0100, -0.0100, -0.0100, -0.0000, +0.0100]; kalibracja C0;NIE;147;735;5;40
L 0,85 mm; odstępy wyjść [0,03, 0,03, 0,03, 0,03]°;5;[0..4];optymalizowany;;rel 0.3;0.5;|ε| ≤ 5e-05, |φ| ≤ 0.01°; najmniejsza transmisja portów: ε=[+5.0e-05, +5.0e-05, +5.0e-05, +0.0e+00, -5.0e-05], φ=[-0.0100, -0.0100, -0.0100, -0.0000, +0.0100]; kalibracja C0;NIE;148;740;5;40
L 0,85 mm; odstępy wyjść [0,03, 0,03, 0,03, 0,03]°;5;[0..4];optymalizowany;;abs 0.1;0.5;|ε| ≤ 5e-05, |φ| ≤ 0.01°; najmniejsza transmisja portów: ε=[+5.0e-05, +5.0e-05, +5.0e-05, +0.0e+00, -5.0e-05], φ=[-0.0100, -0.0100, -0.0100, -0.0000, +0.0100]; kalibracja C0;NIE;0;0;0;0
L 0,85 mm; odstępy wyjść [0,03, 0,03, 0,03, 0,03]°;5;[0..4];optymalizowany;;abs 0.1;0.3;|ε| ≤ 5e-05, |φ| ≤ 0.01°; najmniejsza transmisja portów: ε=[+5.0e-05, +5.0e-05, +5.0e-05, +0.0e+00, -5.0e-05], φ=[-0.0100, -0.0100, -0.0100, -0.0000, +0.0100]; kalibracja C0;NIE;0;0;0;0
L 0,85 mm; odstępy wyjść [0,03, 0,03, 0,03, 0,03]°;5;[0..4];optymalizowany;;rel 0.5;0.3;|ε| ≤ 5e-05, |φ| ≤ 0.01°; najmniejsza transmisja portów: ε=[+5.0e-05, +5.0e-05, +5.0e-05, +0.0e+00, -5.0e-05], φ=[-0.0100, -0.0100, -0.0100, -0.0000, +0.0100]; kalibracja C0;NIE;206;1030;6;40
L 0,85 mm; odstępy wyjść [0,03, 0,03, 0,03, 0,03]°;5;[0..4];optymalizowany;;abs 0.1;0.15;|ε| ≤ 5e-05, |φ| ≤ 0.01°; najmniejsza transmisja portów: ε=[+5.0e-05, +5.0e-05, +5.0e-05, +0.0e+00, -5.0e-05], φ=[-0.0100, -0.0100, -0.0100, -0.0000, +0.0100]; kalibracja C0;NIE;0;0;0;0
L 0,85 mm; odstępy wyjść [0,04, 0,04, 0,04, 0,04]°;5;[0..4];optymalizowany;;rel 0.5;0.5;|ε| ≤ 1e-05, |φ| ≤ 0.002°; największy wachlarz: ε=[-1.0e-05, -1.0e-05, -1.0e-05, -1.0e-05, +1.0e-05], φ=[+0.0020, +0.0020, +0.0020, +0.0020, -0.0020]; kalibracja C1;tak;85;425;3;38
L 0,85 mm; odstępy wyjść [0,04, 0,04, 0,04, 0,04]°;5;[0..4];optymalizowany;;rel 0.3;0.5;|ε| ≤ 1e-05, |φ| ≤ 0.002°; największy wachlarz: ε=[-1.0e-05, -1.0e-05, -1.0e-05, -1.0e-05, +1.0e-05], φ=[+0.0020, +0.0020, +0.0020, +0.0020, -0.0020]; kalibracja C1;tak;85;425;3;38
L 0,85 mm; odstępy wyjść [0,04, 0,04, 0,04, 0,04]°;5;[0..4];optymalizowany;;abs 0.1;0.5;|ε| ≤ 1e-05, |φ| ≤ 0.002°; największy wachlarz: ε=[-1.0e-05, -1.0e-05, -1.0e-05, -1.0e-05, +1.0e-05], φ=[+0.0020, +0.0020, +0.0020, +0.0020, -0.0020]; kalibracja C1;tak;85;425;3;38
L 0,85 mm; odstępy wyjść [0,04, 0,04, 0,04, 0,04]°;5;[0..4];optymalizowany;;abs 0.1;0.3;|ε| ≤ 1e-05, |φ| ≤ 0.002°; największy wachlarz: ε=[-1.0e-05, -1.0e-05, -1.0e-05, -1.0e-05, +1.0e-05], φ=[+0.0020, +0.0020, +0.0020, +0.0020, -0.0020]; kalibracja C1;tak;150;750;4;43
L 0,85 mm; odstępy wyjść [0,04, 0,04, 0,04, 0,04]°;5;[0..4];optymalizowany;;rel 0.5;0.3;|ε| ≤ 1e-05, |φ| ≤ 0.002°; największy wachlarz: ε=[-1.0e-05, -1.0e-05, -1.0e-05, -1.0e-05, +1.0e-05], φ=[+0.0020, +0.0020, +0.0020, +0.0020, -0.0020]; kalibracja C1;tak;130;650;4;39
L 0,85 mm; odstępy wyjść [0,04, 0,04, 0,04, 0,04]°;5;[0..4];optymalizowany;;abs 0.1;0.15;|ε| ≤ 1e-05, |φ| ≤ 0.002°; największy wachlarz: ε=[-1.0e-05, -1.0e-05, -1.0e-05, -1.0e-05, +1.0e-05], φ=[+0.0020, +0.0020, +0.0020, +0.0020, -0.0020]; kalibracja C1;tak;164;820;4;43
L 0,85 mm; odstępy wyjść [0,04, 0,04, 0,04, 0,04]°;5;[0..4];optymalizowany;;rel 0.5;0.5;|ε| ≤ 1e-05, |φ| ≤ 0.002°; największy wachlarz: ε=[-1.0e-05, -1.0e-05, -1.0e-05, -1.0e-05, +1.0e-05], φ=[+0.0020, +0.0020, +0.0020, +0.0020, -0.0020]; kalibracja C0;tak;86;430;3;38
L 0,85 mm; odstępy wyjść [0,04, 0,04, 0,04, 0,04]°;5;[0..4];optymalizowany;;rel 0.3;0.5;|ε| ≤ 1e-05, |φ| ≤ 0.002°; największy wachlarz: ε=[-1.0e-05, -1.0e-05, -1.0e-05, -1.0e-05, +1.0e-05], φ=[+0.0020, +0.0020, +0.0020, +0.0020, -0.0020]; kalibracja C0;tak;86;430;3;38
L 0,85 mm; odstępy wyjść [0,04, 0,04, 0,04, 0,04]°;5;[0..4];optymalizowany;;abs 0.1;0.5;|ε| ≤ 1e-05, |φ| ≤ 0.002°; największy wachlarz: ε=[-1.0e-05, -1.0e-05, -1.0e-05, -1.0e-05, +1.0e-05], φ=[+0.0020, +0.0020, +0.0020, +0.0020, -0.0020]; kalibracja C0;tak;86;430;3;38
L 0,85 mm; odstępy wyjść [0,04, 0,04, 0,04, 0,04]°;5;[0..4];optymalizowany;;abs 0.1;0.3;|ε| ≤ 1e-05, |φ| ≤ 0.002°; największy wachlarz: ε=[-1.0e-05, -1.0e-05, -1.0e-05, -1.0e-05, +1.0e-05], φ=[+0.0020, +0.0020, +0.0020, +0.0020, -0.0020]; kalibracja C0;tak;150;750;4;44
L 0,85 mm; odstępy wyjść [0,04, 0,04, 0,04, 0,04]°;5;[0..4];optymalizowany;;rel 0.5;0.3;|ε| ≤ 1e-05, |φ| ≤ 0.002°; największy wachlarz: ε=[-1.0e-05, -1.0e-05, -1.0e-05, -1.0e-05, +1.0e-05], φ=[+0.0020, +0.0020, +0.0020, +0.0020, -0.0020]; kalibracja C0;tak;132;660;4;39
L 0,85 mm; odstępy wyjść [0,04, 0,04, 0,04, 0,04]°;5;[0..4];optymalizowany;;abs 0.1;0.15;|ε| ≤ 1e-05, |φ| ≤ 0.002°; największy wachlarz: ε=[-1.0e-05, -1.0e-05, -1.0e-05, -1.0e-05, +1.0e-05], φ=[+0.0020, +0.0020, +0.0020, +0.0020, -0.0020]; kalibracja C0;tak;166;830;4;44
L 0,85 mm; odstępy wyjść [0,04, 0,04, 0,04, 0,04]°;5;[0..4];optymalizowany;;rel 0.5;0.5;|ε| ≤ 1e-05, |φ| ≤ 0.002°; najmniejsza transmisja portów: ε=[+1.0e-05, +1.0e-05, -1.0e-05, -1.0e-05, -1.0e-05], φ=[-0.0020, -0.0020, +0.0020, +0.0020, +0.0020]; kalibracja C1;tak;94;470;3;39
L 0,85 mm; odstępy wyjść [0,04, 0,04, 0,04, 0,04]°;5;[0..4];optymalizowany;;rel 0.3;0.5;|ε| ≤ 1e-05, |φ| ≤ 0.002°; najmniejsza transmisja portów: ε=[+1.0e-05, +1.0e-05, -1.0e-05, -1.0e-05, -1.0e-05], φ=[-0.0020, -0.0020, +0.0020, +0.0020, +0.0020]; kalibracja C1;tak;94;470;3;39
L 0,85 mm; odstępy wyjść [0,04, 0,04, 0,04, 0,04]°;5;[0..4];optymalizowany;;abs 0.1;0.5;|ε| ≤ 1e-05, |φ| ≤ 0.002°; najmniejsza transmisja portów: ε=[+1.0e-05, +1.0e-05, -1.0e-05, -1.0e-05, -1.0e-05], φ=[-0.0020, -0.0020, +0.0020, +0.0020, +0.0020]; kalibracja C1;tak;91;455;3;35
L 0,85 mm; odstępy wyjść [0,04, 0,04, 0,04, 0,04]°;5;[0..4];optymalizowany;;abs 0.1;0.3;|ε| ≤ 1e-05, |φ| ≤ 0.002°; najmniejsza transmisja portów: ε=[+1.0e-05, +1.0e-05, -1.0e-05, -1.0e-05, -1.0e-05], φ=[-0.0020, -0.0020, +0.0020, +0.0020, +0.0020]; kalibracja C1;tak;132;660;4;35
L 0,85 mm; odstępy wyjść [0,04, 0,04, 0,04, 0,04]°;5;[0..4];optymalizowany;;rel 0.5;0.3;|ε| ≤ 1e-05, |φ| ≤ 0.002°; najmniejsza transmisja portów: ε=[+1.0e-05, +1.0e-05, -1.0e-05, -1.0e-05, -1.0e-05], φ=[-0.0020, -0.0020, +0.0020, +0.0020, +0.0020]; kalibracja C1;tak;136;680;4;39
L 0,85 mm; odstępy wyjść [0,04, 0,04, 0,04, 0,04]°;5;[0..4];optymalizowany;;abs 0.1;0.15;|ε| ≤ 1e-05, |φ| ≤ 0.002°; najmniejsza transmisja portów: ε=[+1.0e-05, +1.0e-05, -1.0e-05, -1.0e-05, -1.0e-05], φ=[-0.0020, -0.0020, +0.0020, +0.0020, +0.0020]; kalibracja C1;tak;160;800;5;35
L 0,85 mm; odstępy wyjść [0,04, 0,04, 0,04, 0,04]°;5;[0..4];optymalizowany;;rel 0.5;0.5;|ε| ≤ 1e-05, |φ| ≤ 0.002°; najmniejsza transmisja portów: ε=[+1.0e-05, +1.0e-05, -1.0e-05, -1.0e-05, -1.0e-05], φ=[-0.0020, -0.0020, +0.0020, +0.0020, +0.0020]; kalibracja C0;tak;94;470;3;39
L 0,85 mm; odstępy wyjść [0,04, 0,04, 0,04, 0,04]°;5;[0..4];optymalizowany;;rel 0.3;0.5;|ε| ≤ 1e-05, |φ| ≤ 0.002°; najmniejsza transmisja portów: ε=[+1.0e-05, +1.0e-05, -1.0e-05, -1.0e-05, -1.0e-05], φ=[-0.0020, -0.0020, +0.0020, +0.0020, +0.0020]; kalibracja C0;tak;94;470;3;39
L 0,85 mm; odstępy wyjść [0,04, 0,04, 0,04, 0,04]°;5;[0..4];optymalizowany;;abs 0.1;0.5;|ε| ≤ 1e-05, |φ| ≤ 0.002°; najmniejsza transmisja portów: ε=[+1.0e-05, +1.0e-05, -1.0e-05, -1.0e-05, -1.0e-05], φ=[-0.0020, -0.0020, +0.0020, +0.0020, +0.0020]; kalibracja C0;tak;91;455;3;35
L 0,85 mm; odstępy wyjść [0,04, 0,04, 0,04, 0,04]°;5;[0..4];optymalizowany;;abs 0.1;0.3;|ε| ≤ 1e-05, |φ| ≤ 0.002°; najmniejsza transmisja portów: ε=[+1.0e-05, +1.0e-05, -1.0e-05, -1.0e-05, -1.0e-05], φ=[-0.0020, -0.0020, +0.0020, +0.0020, +0.0020]; kalibracja C0;tak;132;660;4;35
L 0,85 mm; odstępy wyjść [0,04, 0,04, 0,04, 0,04]°;5;[0..4];optymalizowany;;rel 0.5;0.3;|ε| ≤ 1e-05, |φ| ≤ 0.002°; najmniejsza transmisja portów: ε=[+1.0e-05, +1.0e-05, -1.0e-05, -1.0e-05, -1.0e-05], φ=[-0.0020, -0.0020, +0.0020, +0.0020, +0.0020]; kalibracja C0;tak;134;670;4;39
L 0,85 mm; odstępy wyjść [0,04, 0,04, 0,04, 0,04]°;5;[0..4];optymalizowany;;abs 0.1;0.15;|ε| ≤ 1e-05, |φ| ≤ 0.002°; najmniejsza transmisja portów: ε=[+1.0e-05, +1.0e-05, -1.0e-05, -1.0e-05, -1.0e-05], φ=[-0.0020, -0.0020, +0.0020, +0.0020, +0.0020]; kalibracja C0;tak;163;815;5;35
L 0,85 mm; odstępy wyjść [0,04, 0,04, 0,04, 0,04]°;5;[0..4];optymalizowany;;rel 0.5;0.5;|ε| ≤ 2e-05, |φ| ≤ 0.005°; największy wachlarz: ε=[-2.0e-05, -2.0e-05, -2.0e-05, -2.0e-05, +2.0e-05], φ=[+0.0050, +0.0050, +0.0050, +0.0050, -0.0050]; kalibracja C1;tak;77;385;3;38
L 0,85 mm; odstępy wyjść [0,04, 0,04, 0,04, 0,04]°;5;[0..4];optymalizowany;;rel 0.3;0.5;|ε| ≤ 2e-05, |φ| ≤ 0.005°; największy wachlarz: ε=[-2.0e-05, -2.0e-05, -2.0e-05, -2.0e-05, +2.0e-05], φ=[+0.0050, +0.0050, +0.0050, +0.0050, -0.0050]; kalibracja C1;tak;77;385;3;38
L 0,85 mm; odstępy wyjść [0,04, 0,04, 0,04, 0,04]°;5;[0..4];optymalizowany;;abs 0.1;0.5;|ε| ≤ 2e-05, |φ| ≤ 0.005°; największy wachlarz: ε=[-2.0e-05, -2.0e-05, -2.0e-05, -2.0e-05, +2.0e-05], φ=[+0.0050, +0.0050, +0.0050, +0.0050, -0.0050]; kalibracja C1;tak;77;385;3;38
L 0,85 mm; odstępy wyjść [0,04, 0,04, 0,04, 0,04]°;5;[0..4];optymalizowany;;abs 0.1;0.3;|ε| ≤ 2e-05, |φ| ≤ 0.005°; największy wachlarz: ε=[-2.0e-05, -2.0e-05, -2.0e-05, -2.0e-05, +2.0e-05], φ=[+0.0050, +0.0050, +0.0050, +0.0050, -0.0050]; kalibracja C1;tak;144;720;4;44
L 0,85 mm; odstępy wyjść [0,04, 0,04, 0,04, 0,04]°;5;[0..4];optymalizowany;;rel 0.5;0.3;|ε| ≤ 2e-05, |φ| ≤ 0.005°; największy wachlarz: ε=[-2.0e-05, -2.0e-05, -2.0e-05, -2.0e-05, +2.0e-05], φ=[+0.0050, +0.0050, +0.0050, +0.0050, -0.0050]; kalibracja C1;tak;122;610;4;38
L 0,85 mm; odstępy wyjść [0,04, 0,04, 0,04, 0,04]°;5;[0..4];optymalizowany;;abs 0.1;0.15;|ε| ≤ 2e-05, |φ| ≤ 0.005°; największy wachlarz: ε=[-2.0e-05, -2.0e-05, -2.0e-05, -2.0e-05, +2.0e-05], φ=[+0.0050, +0.0050, +0.0050, +0.0050, -0.0050]; kalibracja C1;tak;164;820;4;44
L 0,85 mm; odstępy wyjść [0,04, 0,04, 0,04, 0,04]°;5;[0..4];optymalizowany;;rel 0.5;0.5;|ε| ≤ 2e-05, |φ| ≤ 0.005°; największy wachlarz: ε=[-2.0e-05, -2.0e-05, -2.0e-05, -2.0e-05, +2.0e-05], φ=[+0.0050, +0.0050, +0.0050, +0.0050, -0.0050]; kalibracja C0;tak;77;385;3;38
L 0,85 mm; odstępy wyjść [0,04, 0,04, 0,04, 0,04]°;5;[0..4];optymalizowany;;rel 0.3;0.5;|ε| ≤ 2e-05, |φ| ≤ 0.005°; największy wachlarz: ε=[-2.0e-05, -2.0e-05, -2.0e-05, -2.0e-05, +2.0e-05], φ=[+0.0050, +0.0050, +0.0050, +0.0050, -0.0050]; kalibracja C0;tak;77;385;3;38
L 0,85 mm; odstępy wyjść [0,04, 0,04, 0,04, 0,04]°;5;[0..4];optymalizowany;;abs 0.1;0.5;|ε| ≤ 2e-05, |φ| ≤ 0.005°; największy wachlarz: ε=[-2.0e-05, -2.0e-05, -2.0e-05, -2.0e-05, +2.0e-05], φ=[+0.0050, +0.0050, +0.0050, +0.0050, -0.0050]; kalibracja C0;tak;77;385;3;38
L 0,85 mm; odstępy wyjść [0,04, 0,04, 0,04, 0,04]°;5;[0..4];optymalizowany;;abs 0.1;0.3;|ε| ≤ 2e-05, |φ| ≤ 0.005°; największy wachlarz: ε=[-2.0e-05, -2.0e-05, -2.0e-05, -2.0e-05, +2.0e-05], φ=[+0.0050, +0.0050, +0.0050, +0.0050, -0.0050]; kalibracja C0;tak;144;720;4;44
L 0,85 mm; odstępy wyjść [0,04, 0,04, 0,04, 0,04]°;5;[0..4];optymalizowany;;rel 0.5;0.3;|ε| ≤ 2e-05, |φ| ≤ 0.005°; największy wachlarz: ε=[-2.0e-05, -2.0e-05, -2.0e-05, -2.0e-05, +2.0e-05], φ=[+0.0050, +0.0050, +0.0050, +0.0050, -0.0050]; kalibracja C0;tak;122;610;4;39
L 0,85 mm; odstępy wyjść [0,04, 0,04, 0,04, 0,04]°;5;[0..4];optymalizowany;;abs 0.1;0.15;|ε| ≤ 2e-05, |φ| ≤ 0.005°; największy wachlarz: ε=[-2.0e-05, -2.0e-05, -2.0e-05, -2.0e-05, +2.0e-05], φ=[+0.0050, +0.0050, +0.0050, +0.0050, -0.0050]; kalibracja C0;tak;166;830;4;44
L 0,85 mm; odstępy wyjść [0,04, 0,04, 0,04, 0,04]°;5;[0..4];optymalizowany;;rel 0.5;0.5;|ε| ≤ 2e-05, |φ| ≤ 0.005°; najmniejsza transmisja portów: ε=[+2.0e-05, +2.0e-05, +2.0e-05, -2.0e-05, -2.0e-05], φ=[-0.0050, -0.0050, -0.0050, +0.0050, +0.0050]; kalibracja C1;tak;92;460;3;39
L 0,85 mm; odstępy wyjść [0,04, 0,04, 0,04, 0,04]°;5;[0..4];optymalizowany;;rel 0.3;0.5;|ε| ≤ 2e-05, |φ| ≤ 0.005°; najmniejsza transmisja portów: ε=[+2.0e-05, +2.0e-05, +2.0e-05, -2.0e-05, -2.0e-05], φ=[-0.0050, -0.0050, -0.0050, +0.0050, +0.0050]; kalibracja C1;tak;92;460;3;39
L 0,85 mm; odstępy wyjść [0,04, 0,04, 0,04, 0,04]°;5;[0..4];optymalizowany;;abs 0.1;0.5;|ε| ≤ 2e-05, |φ| ≤ 0.005°; najmniejsza transmisja portów: ε=[+2.0e-05, +2.0e-05, +2.0e-05, -2.0e-05, -2.0e-05], φ=[-0.0050, -0.0050, -0.0050, +0.0050, +0.0050]; kalibracja C1;tak;45;225;3;18
L 0,85 mm; odstępy wyjść [0,04, 0,04, 0,04, 0,04]°;5;[0..4];optymalizowany;;abs 0.1;0.3;|ε| ≤ 2e-05, |φ| ≤ 0.005°; najmniejsza transmisja portów: ε=[+2.0e-05, +2.0e-05, +2.0e-05, -2.0e-05, -2.0e-05], φ=[-0.0050, -0.0050, -0.0050, +0.0050, +0.0050]; kalibracja C1;tak;60;300;4;18
L 0,85 mm; odstępy wyjść [0,04, 0,04, 0,04, 0,04]°;5;[0..4];optymalizowany;;rel 0.5;0.3;|ε| ≤ 2e-05, |φ| ≤ 0.005°; najmniejsza transmisja portów: ε=[+2.0e-05, +2.0e-05, +2.0e-05, -2.0e-05, -2.0e-05], φ=[-0.0050, -0.0050, -0.0050, +0.0050, +0.0050]; kalibracja C1;tak;138;690;4;39
L 0,85 mm; odstępy wyjść [0,04, 0,04, 0,04, 0,04]°;5;[0..4];optymalizowany;;abs 0.1;0.15;|ε| ≤ 2e-05, |φ| ≤ 0.005°; najmniejsza transmisja portów: ε=[+2.0e-05, +2.0e-05, +2.0e-05, -2.0e-05, -2.0e-05], φ=[-0.0050, -0.0050, -0.0050, +0.0050, +0.0050]; kalibracja C1;tak;68;340;5;18
L 0,85 mm; odstępy wyjść [0,04, 0,04, 0,04, 0,04]°;5;[0..4];optymalizowany;;rel 0.5;0.5;|ε| ≤ 2e-05, |φ| ≤ 0.005°; najmniejsza transmisja portów: ε=[+2.0e-05, +2.0e-05, +2.0e-05, -2.0e-05, -2.0e-05], φ=[-0.0050, -0.0050, -0.0050, +0.0050, +0.0050]; kalibracja C0;tak;91;455;3;39
L 0,85 mm; odstępy wyjść [0,04, 0,04, 0,04, 0,04]°;5;[0..4];optymalizowany;;rel 0.3;0.5;|ε| ≤ 2e-05, |φ| ≤ 0.005°; najmniejsza transmisja portów: ε=[+2.0e-05, +2.0e-05, +2.0e-05, -2.0e-05, -2.0e-05], φ=[-0.0050, -0.0050, -0.0050, +0.0050, +0.0050]; kalibracja C0;tak;91;455;3;39
L 0,85 mm; odstępy wyjść [0,04, 0,04, 0,04, 0,04]°;5;[0..4];optymalizowany;;abs 0.1;0.5;|ε| ≤ 2e-05, |φ| ≤ 0.005°; najmniejsza transmisja portów: ε=[+2.0e-05, +2.0e-05, +2.0e-05, -2.0e-05, -2.0e-05], φ=[-0.0050, -0.0050, -0.0050, +0.0050, +0.0050]; kalibracja C0;tak;45;225;3;18
L 0,85 mm; odstępy wyjść [0,04, 0,04, 0,04, 0,04]°;5;[0..4];optymalizowany;;abs 0.1;0.3;|ε| ≤ 2e-05, |φ| ≤ 0.005°; najmniejsza transmisja portów: ε=[+2.0e-05, +2.0e-05, +2.0e-05, -2.0e-05, -2.0e-05], φ=[-0.0050, -0.0050, -0.0050, +0.0050, +0.0050]; kalibracja C0;tak;60;300;4;18
L 0,85 mm; odstępy wyjść [0,04, 0,04, 0,04, 0,04]°;5;[0..4];optymalizowany;;rel 0.5;0.3;|ε| ≤ 2e-05, |φ| ≤ 0.005°; najmniejsza transmisja portów: ε=[+2.0e-05, +2.0e-05, +2.0e-05, -2.0e-05, -2.0e-05], φ=[-0.0050, -0.0050, -0.0050, +0.0050, +0.0050]; kalibracja C0;tak;138;690;4;39
L 0,85 mm; odstępy wyjść [0,04, 0,04, 0,04, 0,04]°;5;[0..4];optymalizowany;;abs 0.1;0.15;|ε| ≤ 2e-05, |φ| ≤ 0.005°; najmniejsza transmisja portów: ε=[+2.0e-05, +2.0e-05, +2.0e-05, -2.0e-05, -2.0e-05], φ=[-0.0050, -0.0050, -0.0050, +0.0050, +0.0050]; kalibracja C0;tak;68;340;5;18
L 0,85 mm; odstępy wyjść [0,04, 0,04, 0,04, 0,04]°;5;[0..4];optymalizowany;;rel 0.5;0.5;|ε| ≤ 5e-05, |φ| ≤ 0.01°; największy wachlarz: ε=[-5.0e-05, -5.0e-05, -5.0e-05, -5.0e-05, +5.0e-05], φ=[+0.0100, +0.0100, +0.0100, +0.0100, -0.0100]; kalibracja C1;tak;64;320;3;37
L 0,85 mm; odstępy wyjść [0,04, 0,04, 0,04, 0,04]°;5;[0..4];optymalizowany;;rel 0.3;0.5;|ε| ≤ 5e-05, |φ| ≤ 0.01°; największy wachlarz: ε=[-5.0e-05, -5.0e-05, -5.0e-05, -5.0e-05, +5.0e-05], φ=[+0.0100, +0.0100, +0.0100, +0.0100, -0.0100]; kalibracja C1;tak;64;320;3;37
L 0,85 mm; odstępy wyjść [0,04, 0,04, 0,04, 0,04]°;5;[0..4];optymalizowany;;abs 0.1;0.5;|ε| ≤ 5e-05, |φ| ≤ 0.01°; największy wachlarz: ε=[-5.0e-05, -5.0e-05, -5.0e-05, -5.0e-05, +5.0e-05], φ=[+0.0100, +0.0100, +0.0100, +0.0100, -0.0100]; kalibracja C1;tak;64;320;3;37
L 0,85 mm; odstępy wyjść [0,04, 0,04, 0,04, 0,04]°;5;[0..4];optymalizowany;;abs 0.1;0.3;|ε| ≤ 5e-05, |φ| ≤ 0.01°; największy wachlarz: ε=[-5.0e-05, -5.0e-05, -5.0e-05, -5.0e-05, +5.0e-05], φ=[+0.0100, +0.0100, +0.0100, +0.0100, -0.0100]; kalibracja C1;tak;128;640;3;44
L 0,85 mm; odstępy wyjść [0,04, 0,04, 0,04, 0,04]°;5;[0..4];optymalizowany;;rel 0.5;0.3;|ε| ≤ 5e-05, |φ| ≤ 0.01°; największy wachlarz: ε=[-5.0e-05, -5.0e-05, -5.0e-05, -5.0e-05, +5.0e-05], φ=[+0.0100, +0.0100, +0.0100, +0.0100, -0.0100]; kalibracja C1;tak;102;510;3;38
L 0,85 mm; odstępy wyjść [0,04, 0,04, 0,04, 0,04]°;5;[0..4];optymalizowany;;abs 0.1;0.15;|ε| ≤ 5e-05, |φ| ≤ 0.01°; największy wachlarz: ε=[-5.0e-05, -5.0e-05, -5.0e-05, -5.0e-05, +5.0e-05], φ=[+0.0100, +0.0100, +0.0100, +0.0100, -0.0100]; kalibracja C1;tak;166;830;4;44
L 0,85 mm; odstępy wyjść [0,04, 0,04, 0,04, 0,04]°;5;[0..4];optymalizowany;;rel 0.5;0.5;|ε| ≤ 5e-05, |φ| ≤ 0.01°; największy wachlarz: ε=[-5.0e-05, -5.0e-05, -5.0e-05, -5.0e-05, +5.0e-05], φ=[+0.0100, +0.0100, +0.0100, +0.0100, -0.0100]; kalibracja C0;tak;67;335;3;37
L 0,85 mm; odstępy wyjść [0,04, 0,04, 0,04, 0,04]°;5;[0..4];optymalizowany;;rel 0.3;0.5;|ε| ≤ 5e-05, |φ| ≤ 0.01°; największy wachlarz: ε=[-5.0e-05, -5.0e-05, -5.0e-05, -5.0e-05, +5.0e-05], φ=[+0.0100, +0.0100, +0.0100, +0.0100, -0.0100]; kalibracja C0;tak;67;335;3;37
L 0,85 mm; odstępy wyjść [0,04, 0,04, 0,04, 0,04]°;5;[0..4];optymalizowany;;abs 0.1;0.5;|ε| ≤ 5e-05, |φ| ≤ 0.01°; największy wachlarz: ε=[-5.0e-05, -5.0e-05, -5.0e-05, -5.0e-05, +5.0e-05], φ=[+0.0100, +0.0100, +0.0100, +0.0100, -0.0100]; kalibracja C0;tak;67;335;3;37
L 0,85 mm; odstępy wyjść [0,04, 0,04, 0,04, 0,04]°;5;[0..4];optymalizowany;;abs 0.1;0.3;|ε| ≤ 5e-05, |φ| ≤ 0.01°; największy wachlarz: ε=[-5.0e-05, -5.0e-05, -5.0e-05, -5.0e-05, +5.0e-05], φ=[+0.0100, +0.0100, +0.0100, +0.0100, -0.0100]; kalibracja C0;tak;131;655;4;45
L 0,85 mm; odstępy wyjść [0,04, 0,04, 0,04, 0,04]°;5;[0..4];optymalizowany;;rel 0.5;0.3;|ε| ≤ 5e-05, |φ| ≤ 0.01°; największy wachlarz: ε=[-5.0e-05, -5.0e-05, -5.0e-05, -5.0e-05, +5.0e-05], φ=[+0.0100, +0.0100, +0.0100, +0.0100, -0.0100]; kalibracja C0;tak;102;510;4;38
L 0,85 mm; odstępy wyjść [0,04, 0,04, 0,04, 0,04]°;5;[0..4];optymalizowany;;abs 0.1;0.15;|ε| ≤ 5e-05, |φ| ≤ 0.01°; największy wachlarz: ε=[-5.0e-05, -5.0e-05, -5.0e-05, -5.0e-05, +5.0e-05], φ=[+0.0100, +0.0100, +0.0100, +0.0100, -0.0100]; kalibracja C0;tak;170;850;4;45
L 0,85 mm; odstępy wyjść [0,04, 0,04, 0,04, 0,04]°;5;[0..4];optymalizowany;;rel 0.5;0.5;|ε| ≤ 5e-05, |φ| ≤ 0.01°; najmniejsza transmisja portów: ε=[+5.0e-05, +5.0e-05, +0.0e+00, -5.0e-05, -5.0e-05], φ=[-0.0100, -0.0100, -0.0000, +0.0100, +0.0100]; kalibracja C1;NIE;85;425;3;40
L 0,85 mm; odstępy wyjść [0,04, 0,04, 0,04, 0,04]°;5;[0..4];optymalizowany;;rel 0.3;0.5;|ε| ≤ 5e-05, |φ| ≤ 0.01°; najmniejsza transmisja portów: ε=[+5.0e-05, +5.0e-05, +0.0e+00, -5.0e-05, -5.0e-05], φ=[-0.0100, -0.0100, -0.0000, +0.0100, +0.0100]; kalibracja C1;NIE;85;425;3;40
L 0,85 mm; odstępy wyjść [0,04, 0,04, 0,04, 0,04]°;5;[0..4];optymalizowany;;abs 0.1;0.5;|ε| ≤ 5e-05, |φ| ≤ 0.01°; najmniejsza transmisja portów: ε=[+5.0e-05, +5.0e-05, +0.0e+00, -5.0e-05, -5.0e-05], φ=[-0.0100, -0.0100, -0.0000, +0.0100, +0.0100]; kalibracja C1;NIE;0;0;0;0
L 0,85 mm; odstępy wyjść [0,04, 0,04, 0,04, 0,04]°;5;[0..4];optymalizowany;;abs 0.1;0.3;|ε| ≤ 5e-05, |φ| ≤ 0.01°; najmniejsza transmisja portów: ε=[+5.0e-05, +5.0e-05, +0.0e+00, -5.0e-05, -5.0e-05], φ=[-0.0100, -0.0100, -0.0000, +0.0100, +0.0100]; kalibracja C1;NIE;0;0;0;0
L 0,85 mm; odstępy wyjść [0,04, 0,04, 0,04, 0,04]°;5;[0..4];optymalizowany;;rel 0.5;0.3;|ε| ≤ 5e-05, |φ| ≤ 0.01°; najmniejsza transmisja portów: ε=[+5.0e-05, +5.0e-05, +0.0e+00, -5.0e-05, -5.0e-05], φ=[-0.0100, -0.0100, -0.0000, +0.0100, +0.0100]; kalibracja C1;NIE;119;595;4;40
L 0,85 mm; odstępy wyjść [0,04, 0,04, 0,04, 0,04]°;5;[0..4];optymalizowany;;abs 0.1;0.15;|ε| ≤ 5e-05, |φ| ≤ 0.01°; najmniejsza transmisja portów: ε=[+5.0e-05, +5.0e-05, +0.0e+00, -5.0e-05, -5.0e-05], φ=[-0.0100, -0.0100, -0.0000, +0.0100, +0.0100]; kalibracja C1;NIE;0;0;0;0
L 0,85 mm; odstępy wyjść [0,04, 0,04, 0,04, 0,04]°;5;[0..4];optymalizowany;;rel 0.5;0.5;|ε| ≤ 5e-05, |φ| ≤ 0.01°; najmniejsza transmisja portów: ε=[+5.0e-05, +5.0e-05, +0.0e+00, -5.0e-05, -5.0e-05], φ=[-0.0100, -0.0100, -0.0000, +0.0100, +0.0100]; kalibracja C0;NIE;77;385;3;40
L 0,85 mm; odstępy wyjść [0,04, 0,04, 0,04, 0,04]°;5;[0..4];optymalizowany;;rel 0.3;0.5;|ε| ≤ 5e-05, |φ| ≤ 0.01°; najmniejsza transmisja portów: ε=[+5.0e-05, +5.0e-05, +0.0e+00, -5.0e-05, -5.0e-05], φ=[-0.0100, -0.0100, -0.0000, +0.0100, +0.0100]; kalibracja C0;NIE;77;385;3;40
L 0,85 mm; odstępy wyjść [0,04, 0,04, 0,04, 0,04]°;5;[0..4];optymalizowany;;abs 0.1;0.5;|ε| ≤ 5e-05, |φ| ≤ 0.01°; najmniejsza transmisja portów: ε=[+5.0e-05, +5.0e-05, +0.0e+00, -5.0e-05, -5.0e-05], φ=[-0.0100, -0.0100, -0.0000, +0.0100, +0.0100]; kalibracja C0;NIE;0;0;0;0
L 0,85 mm; odstępy wyjść [0,04, 0,04, 0,04, 0,04]°;5;[0..4];optymalizowany;;abs 0.1;0.3;|ε| ≤ 5e-05, |φ| ≤ 0.01°; najmniejsza transmisja portów: ε=[+5.0e-05, +5.0e-05, +0.0e+00, -5.0e-05, -5.0e-05], φ=[-0.0100, -0.0100, -0.0000, +0.0100, +0.0100]; kalibracja C0;NIE;0;0;0;0
L 0,85 mm; odstępy wyjść [0,04, 0,04, 0,04, 0,04]°;5;[0..4];optymalizowany;;rel 0.5;0.3;|ε| ≤ 5e-05, |φ| ≤ 0.01°; najmniejsza transmisja portów: ε=[+5.0e-05, +5.0e-05, +0.0e+00, -5.0e-05, -5.0e-05], φ=[-0.0100, -0.0100, -0.0000, +0.0100, +0.0100]; kalibracja C0;NIE;108;540;4;40
L 0,85 mm; odstępy wyjść [0,04, 0,04, 0,04, 0,04]°;5;[0..4];optymalizowany;;abs 0.1;0.15;|ε| ≤ 5e-05, |φ| ≤ 0.01°; najmniejsza transmisja portów: ε=[+5.0e-05, +5.0e-05, +0.0e+00, -5.0e-05, -5.0e-05], φ=[-0.0100, -0.0100, -0.0000, +0.0100, +0.0100]; kalibracja C0;NIE;0;0;0;0
